body_id,LN_instance,LN_type,combined_LN_type,broad_LN_group,orn_input_total,ipsi_orn_input_total,contra_orn_input_total,contra_orn_preference_weighted,contra_orn_preference_unweighted,pn_output_weight_total,ln_total_connections,sum_pn_output_fraction,sum_pn_output_percent,max_glomerulus_pn_output_percent,mean_glomerulus_pn_output_percent,pn_weighted_contra_orn_preference,n_orn_glomeruli,n_pn_glomeruli,n_convergent_glomeruli,orn_support_weight,body_convergence_score,body_score_rank,passes_body_orn_input_filter,log_pn_output_weight_total
5901206553,il3LN6_L,il3LN6,il3LN6,il3LN,6492.0,1050.0,5442.0,0.6765249537892791,0.48999679299486043,1841.0,6330.0,0.29083728278041077,29.083728278041075,8.167456556082149,0.7653612704747651,0.5637618844768733,26,38,26,1.0,5.086525399915679,1,True,3.26528962586083
5813018460,il3LN6_R,il3LN6,il3LN6,il3LN,6266.0,1125.0,5141.0,0.6409192467283754,0.49632285264744996,2009.0,7089.0,0.28339681196219496,28.339681196219495,7.47637184370151,0.7266584922107564,0.4099628063866705,27,39,26,1.0,4.874761290173849,2,True,3.303196057420489
5813056598,lLN2T_a(Tortuous)_R,lLN2T_a,lLN2T,lLN2T,688.0,142.0,546.0,0.5872093023255814,0.6516443837547734,1550.0,4670.0,0.3319057815845824,33.19057815845824,5.524625267665953,0.6914703783012134,0.659404166878287,22,48,22,1.0,4.314024252795527,3,True,3.190611797813605
1762359683,lLN2S(Star)_R,lLN2S,lLN2S,lLN2S,1013.0,187.0,826.0,0.6307996051332675,0.5681017273111535,843.0,3245.0,0.25978428351309707,25.978428351309706,5.454545454545454,0.5647484424197763,0.5627691234438776,22,46,22,1.0,4.2504239329188716,4,True,2.926342446625655
1702306037,lLN2S(Star)_R,lLN2S,lLN2S,lLN2S,752.0,156.0,596.0,0.5851063829787234,0.48031322651384456,1296.0,4289.0,0.30216833760783396,30.216833760783395,5.549079039403124,0.6295173700163208,0.5049575047803772,25,48,25,1.0,4.193930905717068,5,True,3.11293997608408
5813054726,lLN2T_a(Tortuous)_R,lLN2T_a,lLN2T,lLN2T,1134.0,251.0,883.0,0.5573192239858906,0.2550071604457552,1638.0,5650.0,0.28991150442477875,28.991150442477874,5.0265486725663715,0.6039823008849557,0.4287866039119854,28,48,28,1.0,4.125188604732011,6,True,3.214578953570499
1640922754,lLN2S(Star)_R,lLN2S,lLN2S,lLN2S,518.0,103.0,415.0,0.6023166023166023,0.35988664586456226,903.0,3500.0,0.258,25.8,5.057142857142857,0.5375,0.47748428208077226,25,48,25,1.0,4.099866332900307,7,True,2.9561684304753633
1732995501,lLN2S(Star)_R,lLN2S,lLN2S,lLN2S,1072.0,230.0,842.0,0.5708955223880597,0.29676073451655816,1170.0,4402.0,0.26578827805542937,26.578827805542936,5.338482507950931,0.56550697458602,0.4740384654457056,26,47,26,1.0,4.033727032203175,8,True,3.068556895072363
1670627928,lLN2S(Star)_R,lLN2S,lLN2S,lLN2S,986.0,216.0,770.0,0.5618661257606491,0.406383389149745,1191.0,4481.0,0.26578888640928366,26.578888640928366,5.28899799151975,0.5778019269767036,0.46094162020324947,24,46,24,1.0,3.979915687205288,9,True,3.076276255404218
1916800213,lLN2T_a(Tortuous)_R,lLN2T_a,lLN2T,lLN2T,876.0,177.0,699.0,0.5958904109589042,0.5380140131636806,719.0,3294.0,0.2182756527018822,21.82756527018822,3.764420157862781,0.7795559025067221,0.5606803028684745,18,28,18,1.0,3.9205127085265676,10,True,2.8573324964312685
1640909284,lLN2F_b(Full)_R,lLN2F_b,lLN2F,lLN2F,7640.0,1840.0,5800.0,0.518324607329843,0.25567422474379886,1905.0,15956.0,0.1193908247681123,11.93908247681123,1.830032589621459,0.2487308849335673,0.3811602888106599,31,48,31,1.0,3.9147824415560244,11,True,3.2801228963023075
5813069085,lLN2S(Star)_R,lLN2S,lLN2S,lLN2S,964.0,221.0,743.0,0.5414937759336099,0.20465657169762588,1228.0,4552.0,0.2697715289982425,26.977152899824254,5.645869947275923,0.5739819765920053,0.3488199280737859,30,47,30,1.0,3.8521629555948858,12,True,3.089551882886454
5813024698,lLN2F_b(Full)_R,lLN2F_b,lLN2F,lLN2F,7025.0,1700.0,5325.0,0.5160142348754448,0.34256655326530194,1636.0,16264.0,0.10059026069847515,10.059026069847516,1.7646335464830298,0.22353391266327813,0.49692253093424116,27,45,27,1.0,3.818825564835639,13,True,3.2140486794119414
5813075196,lLN2R_a(Regional)_R,lLN2R_a,lLN2R,lLN2R,887.0,176.0,711.0,0.6031567080045096,0.4234163674801383,553.0,2765.0,0.20000000000000004,20.000000000000004,4.990958408679927,0.6896551724137931,0.511510884330151,17,29,16,1.0,3.810240256380831,14,True,2.74350976472843
1672320134,lLN2T_a(Tortuous)_R,lLN2T_a,lLN2T,lLN2T,503.0,128.0,375.0,0.49105367793240556,0.22693394476361445,1326.0,4760.0,0.2785714285714285,27.857142857142854,6.449579831932774,0.6055900621118012,0.37422030443893256,25,46,25,1.0,3.5310079134792347,15,True,3.1228709228644354
5813054773,l2LN18_R,l2LN18,l2LN18,l2LN,1284.0,350.0,934.0,0.45482866043613707,0.2421347081551732,2046.0,5741.0,0.356383905242989,35.6383905242989,5.434593276432677,0.8099634210067933,0.28714352308902946,27,44,27,1.0,3.4676731012665054,16,True,3.311117842662506
1670287030,lLN2F_a(Full)_R,lLN2F_a,lLN2F,lLN2F,3472.0,933.0,2539.0,0.46255760368663595,0.17085614117378484,1439.0,11663.0,0.12338163422790019,12.33816342279002,2.5465146188802192,0.25704507130812543,0.33672394891648094,32,48,32,1.0,3.363903173521744,17,True,3.1583624920952498
1578826464,lLN1_c_R,lLN1_c,lLN1,lLN1,216.0,58.0,158.0,0.4629629629629629,0.054083892328861356,1220.0,3723.0,0.32769272092398605,32.7692720923986,5.42573193661026,0.697218555157417,-0.01074563089769792,16,47,16,1.0,3.290474756532733,18,True,3.0867156639448825
5813034531,lLN2R_a(Regional)_R,lLN2R_a,lLN2R,lLN2R,645.0,147.0,498.0,0.5441860465116279,0.6819288119288119,350.0,2334.0,0.14995715509854327,14.995715509854326,4.927163667523565,0.8821009123443723,0.5917302832531258,9,17,9,1.0,3.189358084397704,19,True,2.545307116465824
5901218894,lLN2F_a(Full)_R,lLN2F_a,lLN2F,lLN2F,3935.0,1146.0,2789.0,0.41753494282083864,0.1382053787762963,1811.0,11694.0,0.15486574311612794,15.486574311612793,2.8903711304942705,0.32263696482526655,0.2710825010231328,32,48,32,1.0,3.1324250057150205,20,True,3.2581581933407944
1730327790,lLN2T_a(Tortuous)_R,lLN2T_a,lLN2T,lLN2T,1470.0,443.0,1027.0,0.39727891156462586,0.4001990767212758,2109.0,5877.0,0.3588565594691169,35.88565594691169,4.79836651352731,0.7635245946151423,0.32914640888947844,27,47,27,1.0,3.0409488736452692,21,True,3.3242824552976926
1640572741,lLN2T_b(Tortuous)_R,lLN2T_b,lLN2T,lLN2T,5485.0,1710.0,3775.0,0.3764813126709207,0.09587972447444508,1982.0,6036.0,0.32836315440689195,32.8363154406892,3.8270377733598413,0.7462798963792999,0.2546287426468563,32,44,32,1.0,2.858383966343369,22,True,3.2973227142053028
5813034493,lLN2T_b(Tortuous)_R,lLN2T_b,lLN2T,lLN2T,4414.0,1376.0,3038.0,0.3765292251925691,0.06687456635565968,1758.0,6001.0,0.2929511748041993,29.29511748041993,5.032494584235961,0.681281801870231,0.09847139986728985,27,43,27,1.0,2.8136149156669283,23,True,3.245265839457461
1670916819,lLN2P_a(Patchy)_R,lLN2P_a,lLN2P,lLN2P,562.0,174.0,388.0,0.3807829181494662,0.11171445931736748,1016.0,1840.0,0.5521739130434783,55.21739130434783,41.52173913043478,2.760869565217391,0.18836586571463548,13,20,11,1.0,2.6367741152213378,24,True,3.0073209529227447
5813055277,lLN2T_a(Tortuous)_R,lLN2T_a,lLN2T,lLN2T,1044.0,347.0,697.0,0.33524904214559387,0.2040590362054968,1735.0,4276.0,0.40575304022450887,40.57530402245089,8.559401309635174,0.8453188338010601,0.26875147570120483,26,48,26,1.0,2.5007362196619765,25,True,3.239549720840473
1667251683,lLN2T_d(Tortuous)_R,lLN2T_d,lLN2T,lLN2T,2548.0,856.0,1692.0,0.3281004709576138,-0.007005444656792705,1781.0,7078.0,0.2516247527550155,25.16247527550155,3.334275218988415,0.5242182349062824,0.17888608294230104,28,48,28,1.0,2.4559933219441565,26,True,3.250907699700856
5813024339,lLN2R_a(Regional)_R,lLN2R_a,lLN2R,lLN2R,390.0,112.0,278.0,0.4256410256410256,0.4039102353585113,315.0,2346.0,0.13427109974424553,13.427109974424553,4.092071611253197,1.0328546134172734,0.5245539135194307,6,13,5,1.0,2.4498800191164807,27,True,2.499687082618404
5813032595,lLN2T_a(Tortuous)_R,lLN2T_a,lLN2T,lLN2T,778.0,267.0,511.0,0.31362467866323906,0.15934449655224547,1677.0,4099.0,0.4091241766284459,40.91241766284459,9.563308123932666,0.8523420346425956,0.2006566792674586,29,48,29,1.0,2.3287754812784383,28,True,3.2247919564926817
2135408892,lLN2P_a(Patchy)_R,lLN2P_a,lLN2P,lLN2P,1003.0,337.0,666.0,0.32801595214356927,0.22851313386464078,1059.0,2071.0,0.5113471752776436,51.13471752776436,35.296957991308545,1.966719904914014,0.2572021639276983,18,26,16,1.0,2.2849670563887448,29,True,3.0253058652647704
1671620613,v2LN30_R,v2LN30,v2LN30,v2LN3,1563.0,575.0,988.0,0.26423544465770954,-0.02505274593263546,5169.0,6211.0,0.8322331347609082,83.22331347609082,19.35276123007567,1.8494069661353516,0.0016637789797713876,22,45,22,1.0,2.2593789830956634,30,True,3.7134905430939424
1704347707,lLN2T_c(Tortuous)_R,lLN2T_c,lLN2T,lLN2T,2927.0,1041.0,1886.0,0.28869149299624186,0.07904793218284592,1672.0,5622.0,0.29740305940946277,29.74030594094628,7.915332621842761,0.660895687576584,0.18333000371322905,29,45,29,1.0,2.1427761453139276,31,True,3.2234959409623944
1669924220,lLN2T_d(Tortuous)_R,lLN2T_d,lLN2T,lLN2T,2411.0,830.0,1581.0,0.3114890087100788,0.16349673581029994,926.0,4699.0,0.19706320493722068,19.706320493722068,3.745477761225793,0.5630377283920591,0.282803973834033,21,35,20,1.0,2.1280784436913964,32,True,2.967079734144497
5813076969,lLN2R_b(Regional)_R,lLN2R_b,lLN2R,lLN2R,470.0,163.0,307.0,0.30638297872340425,0.09388505337941715,865.0,2195.0,0.3940774487471526,39.40774487471526,6.195899772209567,0.9611645091393964,0.17675947587953336,22,41,22,1.0,2.0723392060276398,33,True,2.937517892017347
1857485213,lLN16b_R,lLN16b,lLN16b,other lLN,30.0,5.0,25.0,0.6666666666666666,0.403968253968254,176.0,214.0,0.8224299065420559,82.2429906542056,58.87850467289719,6.853582554517133,0.36621315192743764,5,12,5,0.6,2.0704598930295313,34,True,2.247973266361807
1733056086,v2LN35_R,v2LN35,v2LN35,v2LN3,81.0,18.0,63.0,0.5555555555555556,0.453030303030303,39.0,474.0,0.08227848101265824,8.227848101265824,6.5400843881856545,1.1754068716094035,0.5934343434343434,5,7,2,1.0,2.0493774745077427,35,True,1.6020599913279623
5813130064,lLN1_a_R,lLN1_a,lLN1,lLN1,108.0,39.0,69.0,0.2777777777777778,0.26123376623376626,1554.0,4163.0,0.37328849387460966,37.32884938746096,10.905596925294258,0.8114967258143687,0.2950842490842491,20,46,20,1.0,2.0414530068370373,36,True,3.1917303933628562
1762354941,lLN2T_a(Tortuous)_R,lLN2T_a,lLN2T,lLN2T,780.0,283.0,497.0,0.2743589743589744,0.08241843734121787,1676.0,4160.0,0.4028846153846154,40.28846153846154,7.5,0.8393429487179488,0.11168804199782756,29,48,29,1.0,2.037050021833547,37,True,3.2245330626060857
1856820145,lLN16b_R,lLN16b,lLN16b,other lLN,38.0,7.0,31.0,0.631578947368421,0.23198380566801619,64.0,103.0,0.6213592233009708,62.13592233009708,55.33980582524271,12.427184466019416,0.7421052631578947,4,5,2,0.76,2.0037058895499054,38,True,1.8129133566428555
1857799548,lLN2P_a(Patchy)_R,lLN2P_a,lLN2P,lLN2P,1038.0,367.0,671.0,0.2928709055876686,0.2835736050576708,927.0,1768.0,0.5243212669683258,52.43212669683258,34.78506787330316,2.0166202575704837,0.3265680421229318,17,26,16,1.0,2.001196191490371,39,True,2.967547976218862
2105086391,lLN2P_c(Patchy)_R,lLN2P_c,lLN2P,lLN2P,394.0,143.0,251.0,0.27411167512690354,-0.23597422191739845,1160.0,1911.0,0.6070120355834641,60.70120355834641,14.33804290947148,1.6405730691444975,-0.0628387335492566,15,37,14,1.0,1.9344162284857163,40,True,3.064832219738574
1671292719,lLN2T_c(Tortuous)_R,lLN2T_c,lLN2T,lLN2T,2074.0,767.0,1307.0,0.26036644165863065,0.12106855875239772,1647.0,5300.0,0.31075471698113205,31.075471698113205,7.90566037735849,0.6474056603773585,0.17211936478123904,29,48,29,1.0,1.9286169545098772,41,True,3.216957207361097
5813132949,lLN2P_c(Patchy)_R,lLN2P_c,lLN2P,lLN2P,566.0,207.0,359.0,0.26855123674911663,0.04210451727562588,1271.0,2154.0,0.5900649953574745,59.006499535747444,12.488393686165274,1.5947702577229037,0.12669892573323704,19,37,18,1.0,1.9196970902346473,42,True,3.104487111312395
1887168462,lLN16b_R,lLN16b,lLN16b,other lLN,30.0,6.0,24.0,0.6,0.46031746031746035,92.0,142.0,0.647887323943662,64.7887323943662,59.859154929577464,16.197183098591548,,2,4,0,0.6,1.6317358175351722,43,True,1.968482948553935
1826445251,lLN12a_R,lLN12a,lLN12a,other lLN,36.0,11.0,25.0,0.3888888888888889,0.16253006253006252,299.0,401.0,0.745635910224439,74.5635910224439,18.453865336658353,2.9825436408977555,0.1382876382876383,6,25,6,0.72,1.5970590929037363,44,True,2.4771212547196626
1858171556,lLN2P_c(Patchy)_R,lLN2P_c,lLN2P,lLN2P,483.0,187.0,296.0,0.22567287784679088,0.11300967883805807,997.0,1734.0,0.5749711649365629,57.497116493656286,13.206459054209919,1.5130820129909548,0.19104099483109258,16,38,16,1.0,1.558441215565113,45,True,2.999130541287371
1764388538,v2LN35_R,v2LN35,v2LN35,v2LN3,38.0,12.0,26.0,0.3684210526315789,0.4107142857142857,226.0,671.0,0.3368107302533532,33.681073025335316,16.84053651266766,1.08648622662372,0.25510204081632654,8,31,3,0.76,1.5189860048947927,46,True,2.3560258571931225
2041621893,lLN2P_a(Patchy)_R,lLN2P_a,lLN2P,lLN2P,1838.0,728.0,1110.0,0.20783460282916214,0.08425772412307243,1098.0,1956.0,0.5613496932515338,56.134969325153385,38.190184049079754,2.44065084022406,0.009719291930423339,19,23,17,1.0,1.4552903017313292,47,True,3.0409976924234905
1639886198,lLN2P_c(Patchy)_R,lLN2P_c,lLN2P,lLN2P,526.0,210.0,316.0,0.20152091254752852,0.05526758597906,1274.0,2096.0,0.6078244274809161,60.78244274809161,11.927480916030534,1.6884011874469889,0.025651389663857518,19,36,18,1.0,1.441015883088988,48,True,3.1055101847699738
1826825128,lLN13_R,lLN13,lLN13,other lLN,25.0,6.0,19.0,0.52,0.041666666666666664,206.0,309.0,0.6666666666666667,66.66666666666667,38.83495145631068,3.7037037037037033,0.4583333333333333,3,18,3,0.5,1.386506886248996,49,True,2.315970345456918
1640887603,lLN1_b_R,lLN1_b,lLN1,lLN1,144.0,58.0,86.0,0.19444444444444445,0.1209628133541177,1234.0,3515.0,0.3510668563300142,35.10668563300142,5.5761024182076815,0.7021337126600286,0.11512305478073036,18,50,18,1.0,1.384216215095404,50,True,3.0916669575956846
5813069055,lLN1_b_R,lLN1_b,lLN1,lLN1,88.0,36.0,52.0,0.18181818181818182,0.30367331081616794,1883.0,4935.0,0.38156028368794326,38.156028368794324,6.605876393110435,0.7631205673758865,0.24329642109303126,21,50,21,1.0,1.3711186282066017,51,True,3.2750808984568587
1668944259,v2LN35_R,v2LN35,v2LN35,v2LN3,183.0,71.0,112.0,0.22404371584699453,0.10801601400581858,87.0,586.0,0.14846416382252559,14.846416382252558,10.06825938566553,0.927901023890785,0.26845086377796656,11,16,7,1.0,1.0031191770142431,53,True,1.9444826721501687
1824101645,lLN1_c_R,lLN1_c,lLN1,lLN1,136.0,59.0,77.0,0.1323529411764706,0.0444959802102659,1625.0,4310.0,0.37703016241299303,37.7030162412993,6.937354988399072,0.7694493110469245,0.19084824033476155,21,49,21,1.0,0.9786015383966147,54,True,3.2111205412580492
1762704980,lLN2P_c(Patchy)_R,lLN2P_c,lLN2P,lLN2P,549.0,248.0,301.0,0.0965391621129326,-0.014245105629310462,1148.0,2199.0,0.5220554797635288,52.20554797635288,10.413824465666211,1.4109607561176456,0.04242008882419326,16,37,15,1.0,0.6802774239088962,55,True,3.060320028688285
1918207300,lLN16b_R,lLN16b,lLN16b,other lLN,41.0,17.0,24.0,0.17073170731707318,-0.28619528619528617,83.0,129.0,0.6434108527131783,64.34108527131784,50.3875968992248,8.042635658914728,0.2987012987012987,4,8,2,0.82,0.6203143518380639,56,True,1.9242792860618816
1671257931,lLN2P_b(Patchy)_R,lLN2P_b,lLN2P,lLN2P,1341.0,615.0,726.0,0.08277404921700224,-0.055715604798201035,1739.0,4614.0,0.37689640225400955,37.68964022540096,16.276549631556133,0.9422410056350238,0.11835680035223671,20,40,19,1.0,0.6176301890642445,57,True,3.2405492482826
1701947337,lLN2P_b(Patchy)_R,lLN2P_b,lLN2P,lLN2P,1643.0,756.0,887.0,0.07973219720024345,-0.26200218350135485,1473.0,3857.0,0.38190303344568316,38.19030334456831,15.815400570391496,1.1572819195323734,-0.11967548984301259,21,33,19,1.0,0.5817049875411783,58,True,3.1684974835230326
5813054725,lLN1_b_R,lLN1_b,lLN1,lLN1,147.0,68.0,79.0,0.07482993197278912,-0.03147075338619774,1659.0,4524.0,0.366710875331565,36.6710875331565,6.38815207780725,0.7483895414929896,-0.133309733378487,19,49,19,1.0,0.5548319843187516,59,True,3.220108088040055
1640555311,lLN2P_c(Patchy)_R,lLN2P_c,lLN2P,lLN2P,278.0,129.0,149.0,0.07194244604316546,-0.10255150556441804,1094.0,1802.0,0.607103218645949,60.710321864594896,11.820199778024417,1.9583974795030612,-0.14093814975204297,15,31,13,1.0,0.5034899023201871,60,True,3.0394141191761372
1610530558,lLN1_b_R,lLN1_b,lLN1,lLN1,83.0,39.0,44.0,0.060240963855421686,0.11084656084656085,1467.0,4108.0,0.3571080817916261,35.71080817916261,6.572541382667965,0.7439751703992211,0.03223548785508439,18,48,18,1.0,0.4392563981430398,61,True,3.166726055580052
1670278227,lLN11_R,lLN11,lLN11,other lLN,34.0,15.0,19.0,0.11764705882352941,-0.2416666666666667,235.0,355.0,0.6619718309859155,66.19718309859155,24.788732394366196,2.7582159624413145,-0.22716049382716047,8,24,7,0.68,0.4371065444020489,62,True,2.3729120029701067
1920590638,v2LN3b_R,v2LN3b,v2LN3b,v2LN3,196.0,90.0,106.0,0.08163265306122448,0.012120666778508135,190.0,696.0,0.27298850574712646,27.298850574712645,12.5,0.8029073698444895,0.049943250400452124,20,34,17,1.0,0.4287570145344187,63,True,2.2810333672477277
1547454812,lLN1_c_R,lLN1_c,lLN1,lLN1,95.0,45.0,50.0,0.05263157894736842,-0.026065162907268173,1443.0,4045.0,0.35673671199011125,35.673671199011125,5.933250927070458,0.759014280830024,0.0002945508100147108,19,47,19,1.0,0.38290380628698795,64,True,3.1595671932336202
1642623277,lLN1_b_R,lLN1_b,lLN1,lLN1,194.0,92.0,102.0,0.05154639175257732,0.08802439390674684,1658.0,4671.0,0.3549561121815457,35.49561121815457,7.42881609933633,0.7394919003782202,0.17520740533292836,17,48,17,1.0,0.38216341702012596,65,True,3.219846386024361
2040270763,v2LN47_R,v2LN47,v2LN47,other v2LN,68.0,30.0,38.0,0.11764705882352941,0.11764705882352941,24.0,90.0,0.26666666666666666,26.666666666666668,24.444444444444443,13.333333333333332,0.11764705882352941,1,2,1,1.0,0.37869127351390597,66,True,1.3979400086720377
1699974843,lLN2T_e(Tortuous)_R,lLN2T_e,lLN2T,lLN2T,1216.0,579.0,637.0,0.047697368421052634,-0.06448710107425938,2353.0,5860.0,0.40153583617747446,40.153583617747444,4.4027303754266205,0.8729039916901616,-0.05223018891391856,27,46,27,1.0,0.3703162291887935,67,True,3.371806458507416
1979569670,lLN11_R,lLN11,lLN11,other lLN,33.0,15.0,18.0,0.09090909090909091,0.14317460317460315,95.0,210.0,0.45238095238095233,45.238095238095234,10.952380952380953,3.7698412698412693,0.08894362342638205,5,12,4,0.66,0.2738608914880702,68,True,1.9822712330395684
1671270875,lLN12b_R,lLN12b,lLN12b,other lLN,30.0,14.0,16.0,0.06666666666666667,-0.07142857142857142,366.0,562.0,0.6512455516014235,65.12455516014235,18.505338078291814,2.960207052733743,0.2383241758241758,9,22,8,0.6,0.2362144739221828,70,True,2.5646660642520893
1640922516,lLN2T_e(Tortuous)_R,lLN2T_e,lLN2T,lLN2T,1123.0,546.0,577.0,0.02760463045414069,-0.10516102256004582,2003.0,5548.0,0.3610310021629416,36.10310021629416,5.100937274693583,0.7681510684317905,-0.06696051823871656,28,47,28,1.0,0.2098752576387777,71,True,3.301897717195208
5813039309,lLN2P_b(Patchy)_R,lLN2P_b,lLN2P,lLN2P,886.0,439.0,447.0,0.009029345372460492,-0.12843763340521624,782.0,2458.0,0.31814483319772174,31.814483319772176,12.205044751830757,1.3832384052074858,0.0382430364801488,16,23,13,1.0,0.06016372637463476,74,True,2.8937617620579434
1728294318,v2LN40_R,v2LN40,v2LN40,other v2LN,43.0,43.0,0.0,-1.0,-1.0,80.0,259.0,0.3088803088803089,30.888030888030887,26.254826254826252,10.296010296010294,-1.0,2,3,1,0.86,0.0,161,True,1.9084850188786497
5813034455,v2LN3b_R,v2LN3b,v2LN3b,v2LN3,246.0,183.0,63.0,-0.4878048780487805,-0.5526435806526304,272.0,1099.0,0.2474977252047316,24.749772520473158,11.191992720655142,0.7983797587249406,-0.682381196815586,26,31,18,1.0,0.0,158,True,2.436162647040756
5813062199,lLN1_c_R,lLN1_c,lLN1,lLN1,148.0,76.0,72.0,-0.02702702702702703,-0.3096416170634921,1470.0,4040.0,0.36386138613861385,36.386138613861384,5.816831683168317,0.7580445544554455,-0.34109783601690075,16,48,16,1.0,0.0,90,True,3.16761267272753
1888199872,v2LN3b_R,v2LN3b,v2LN3b,v2LN3,332.0,278.0,54.0,-0.6746987951807228,-0.517698273948274,208.0,924.0,0.2251082251082251,22.51082251082251,12.662337662337661,0.9004329004329003,-0.6821080705009278,21,25,14,1.0,0.0,157,True,2.3201462861110542
5901196806,v2LN3a_R,v2LN3a,v2LN3a,v2LN3,457.0,393.0,64.0,-0.7199124726477024,-0.525353678549793,195.0,802.0,0.243142144638404,24.3142144638404,17.581047381546135,1.3507896924355778,-0.4168597315419959,16,18,10,1.0,0.0,156,True,2.292256071356476
1730996778,v2LN3a_R,v2LN3a,v2LN3a,v2LN3,198.0,180.0,18.0,-0.8181818181818182,-0.7167848956366463,99.0,522.0,0.1896551724137931,18.96551724137931,13.601532567049809,1.4588859416445623,-0.7718983645432187,15,13,8,1.0,0.0,155,True,2.0
1730651751,v2LN3a_R,v2LN3a,v2LN3a,v2LN3,458.0,389.0,69.0,-0.6986899563318777,-0.484076744393296,135.0,630.0,0.21428571428571427,21.428571428571427,15.873015873015872,1.4285714285714284,-0.5762762088147197,17,15,10,1.0,0.0,154,True,2.1335389083702174
1700644008,v2LN3a_R,v2LN3a,v2LN3a,v2LN3,300.0,254.0,46.0,-0.6933333333333334,-0.7530446973836108,63.0,555.0,0.1135135135135135,11.35135135135135,6.846846846846846,0.6677265500794912,-0.788944150661503,12,17,8,1.0,0.0,153,True,1.806179973983887
1916485259,v2LN37_R,v2LN37,v2LN37,v2LN3,422.0,352.0,70.0,-0.6682464454976303,-0.6010210185567099,362.0,1195.0,0.30292887029288706,30.292887029288707,18.242677824267783,1.317082044751683,-0.668136754913087,11,23,11,1.0,0.0,143,True,2.5599066250361124
5813054716,v2LN36_R,v2LN36,v2LN36,v2LN3,2738.0,2256.0,482.0,-0.647918188458729,-0.636473687724968,2537.0,3173.0,0.7995587771824771,79.95587771824772,21.46233848093287,4.9972423573904825,-0.7924844578430975,9,16,8,1.0,0.0,142,True,3.404491617758686
1825789179,lLN10_R,lLN10,lLN10,other lLN,98.0,80.0,18.0,-0.6326530612244898,-0.848529411764706,444.0,1144.0,0.3881118881118881,38.81118881118881,19.318181818181817,2.042694147957306,-0.7934640522875818,8,19,7,1.0,0.0,91,True,2.6483600109809315
2040301572,lLN11_R,lLN11,lLN11,other lLN,47.0,24.0,23.0,-0.02127659574468085,-0.3768207282913165,282.0,394.0,0.7157360406091371,71.57360406091371,22.33502538071066,2.4680553124453004,-0.3013872215552888,8,29,7,0.94,0.0,92,True,2.45178643552429
1918565786,lLN12a_R,lLN12a,lLN12a,other lLN,43.0,29.0,14.0,-0.3488372093023256,-0.5386154461784713,377.0,405.0,0.9308641975308641,93.08641975308642,19.012345679012345,4.432686654908877,-0.5122265122265123,7,21,5,0.86,0.0,93,True,2.5774917998372255
1947192569,v2LN40_R,v2LN40,v2LN40,other v2LN,319.0,318.0,1.0,-0.9937304075235109,-0.9988738738738738,97.0,576.0,0.16840277777777776,16.840277777777775,12.67361111111111,5.613425925925925,-0.9935247747747747,6,3,2,1.0,0.0,166,True,1.9912260756924949
5813018729,vLN25_R,vLN25,vLN25,vLN,675.0,656.0,19.0,-0.9437037037037037,-0.979701583222909,339.0,822.0,0.4124087591240876,41.24087591240876,40.2676399026764,5.89155370177268,-0.9617224880382776,9,7,2,1.0,0.0,189,True,2.531478917042255
1794037618,vLN25,vLN25,vLN25,vLN,787.0,747.0,40.0,-0.8983481575603558,-0.912758287084668,259.0,850.0,0.30470588235294116,30.470588235294116,29.058823529411764,3.8088235294117645,-0.830378655699568,8,8,3,1.0,0.0,188,True,2.4149733479708178
1763037543,vLN24,vLN24,vLN24,vLN,80.0,46.0,34.0,-0.15,0.05702075702075701,207.0,932.0,0.22210300429184548,22.21030042918455,17.811158798283262,1.8508583690987124,-0.1868131868131868,9,12,4,1.0,0.0,187,True,2.3180633349627615
1761345315,vLN24_R,vLN24,vLN24,vLN,604.0,315.0,289.0,-0.04304635761589404,-0.12434535740035277,473.0,1467.0,0.3224267211997274,32.24267211997274,20.7225630538514,1.1515240042847406,0.02453301372541287,18,28,16,1.0,0.0,186,True,2.6757783416740852
2071305421,v2LN47_R,v2LN47,v2LN47,other v2LN,34.0,24.0,10.0,-0.4117647058823529,-0.4117647058823529,6.0,13.0,0.46153846153846156,46.15384615384615,46.15384615384615,46.15384615384615,,1,1,0,0.68,0.0,182,True,0.8450980400142568
5813047691,lLN1_c_R,lLN1_c,lLN1,lLN1,97.0,51.0,46.0,-0.05154639175257732,-0.1423015873015873,1223.0,3505.0,0.34893009985734663,34.893009985734665,6.447931526390869,0.7424044677815886,-0.29032390323903234,20,47,20,1.0,0.0,89,True,3.087781417809542
1916152641,v2LN47_R,v2LN47,v2LN47,other v2LN,65.0,33.0,32.0,-0.015384615384615385,0.0541871921182266,22.0,100.0,0.22,22.0,22.0,22.0,,2,1,0,1.0,0.0,181,True,1.3617278360175928
1916157698,v2LN46_R,v2LN46,v2LN46,other v2LN,77.0,46.0,31.0,-0.19480519480519481,-0.5633802816901409,16.0,108.0,0.14814814814814814,14.814814814814813,13.88888888888889,7.407407407407407,-0.1267605633802817,2,2,1,1.0,0.0,180,True,1.2304489213782739
1885782720,v2LN46_R,v2LN46,v2LN46,other v2LN,95.0,68.0,27.0,-0.43157894736842106,-0.5846153846153845,40.0,144.0,0.2777777777777778,27.77777777777778,19.444444444444446,9.25925925925926,0.1384615384615385,4,3,2,1.0,0.0,179,True,1.6127838567197355
1885109710,v2LN46_R,v2LN46,v2LN46,other v2LN,30.0,29.0,1.0,-0.9333333333333333,-0.5,27.0,74.0,0.3648648648648649,36.48648648648649,35.13513513513514,18.243243243243246,,4,2,0,0.6,0.0,178,True,1.4471580313422192
5813034203,v2LN45_R,v2LN45,v2LN45,other v2LN,35.0,35.0,0.0,-1.0,-1.0,15.0,99.0,0.15151515151515152,15.151515151515152,15.151515151515152,15.151515151515152,,1,1,0,0.7,0.0,177,True,1.2041199826559248
1977881942,v2LN42_R,v2LN42,v2LN42,other v2LN,98.0,98.0,0.0,-1.0,-1.0,79.0,230.0,0.34347826086956523,34.34782608695652,33.47826086956522,11.449275362318842,,2,3,0,1.0,0.0,169,True,1.9030899869919435
1919208947,lLN12a_R,lLN12a,lLN12a,other lLN,34.0,19.0,15.0,-0.11764705882352941,-0.36507936507936506,262.0,354.0,0.7401129943502825,74.01129943502825,18.926553672316384,2.846588439808779,-0.26157407407407407,7,26,7,0.68,0.0,94,True,2.419955748489758
1946178096,lLN2P_b(Patchy)_R,lLN2P_b,lLN2P,lLN2P,1692.0,859.0,833.0,-0.015366430260047281,-0.14155678303326685,1388.0,4024.0,0.34493041749502984,34.493041749502986,13.469184890656063,1.077907554671968,-0.0013764179376383483,15,32,14,1.0,0.0,110,True,3.1427022457376155
1951971057,lLN14_R,lLN14,lLN14,other lLN,28.0,22.0,6.0,-0.5714285714285714,-0.48,78.0,137.0,0.5693430656934306,56.934306569343065,35.03649635036496,7.116788321167883,-1.0,5,8,1,0.56,0.0,98,True,1.8976270912904414
1702336197,l2LN19_R,l2LN19,l2LN19,l2LN,132.0,93.0,39.0,-0.4090909090909091,-0.602934102934103,270.0,585.0,0.46153846153846156,46.15384615384615,15.384615384615385,2.7149321266968327,-0.536487322201608,6,17,6,1.0,0.0,75,True,2.432969290874406
1793744512,l2LN19_R,l2LN19,l2LN19,l2LN,89.0,54.0,35.0,-0.21348314606741572,-0.5148607664736697,266.0,637.0,0.4175824175824176,41.75824175824176,16.012558869701728,2.6098901098901095,-0.2621655988049825,6,16,5,1.0,0.0,76,True,2.4265112613645754
1702318692,lLN16a_R,lLN16a,lLN16a,other lLN,36.0,33.0,3.0,-0.8333333333333335,-0.9142857142857144,66.0,114.0,0.5789473684210527,57.89473684210527,47.368421052631575,7.2368421052631575,-0.8714285714285714,2,8,2,0.72,0.0,102,True,1.8260748027008264
2011308218,lLN16a_R,lLN16a,lLN16a,other lLN,32.0,30.0,2.0,-0.875,-0.4821428571428572,79.0,114.0,0.6929824561403508,69.29824561403508,63.1578947368421,11.549707602339181,0.0,4,6,2,0.64,0.0,104,True,1.9030899869919435
1670597533,lLN1_a_R,lLN1_a,lLN1,lLN1,118.0,62.0,56.0,-0.05084745762711865,-0.12500942684766214,1753.0,3668.0,0.47791712104689205,47.7917121046892,14.258451472191929,1.0389502631454177,-0.11268181290805727,16,46,16,1.0,0.0,84,True,3.244029589030022
1918173122,lLN17_R,lLN17,lLN17,other lLN,27.0,21.0,6.0,-0.5555555555555556,-0.45,277.0,451.0,0.614190687361419,61.4190687361419,19.733924611973393,3.4121704853412167,-0.9241206030150754,8,18,7,0.54,0.0,108,True,2.444044795918076
1702305987,lLN2R_b(Regional)_R,lLN2R_b,lLN2R,lLN2R,166.0,99.0,67.0,-0.1927710843373494,-0.4353202353202352,610.0,1192.0,0.511744966442953,51.174496644295296,16.69463087248322,1.5992030201342282,-0.4794195541183493,13,32,12,1.0,0.0,111,True,2.786041210242554
2013333009,lLN17_R,lLN17,lLN17,other lLN,63.0,37.0,26.0,-0.1746031746031746,-0.5974842767295597,365.0,505.0,0.7227722772277227,72.27722772277228,41.18811881188119,12.046204620462047,-0.8415094339622642,4,6,4,1.0,0.0,109,True,2.5634810853944106
5813054622,lLN1_b_R,lLN1_b,lLN1,lLN1,68.0,36.0,32.0,-0.058823529411764705,-0.1903968253968254,1835.0,5027.0,0.36502884424109805,36.50288442410981,6.803262383131092,0.760476758835621,-0.22832027325698212,20,48,20,1.0,0.0,85,True,3.2638726768652235
5813078440,lLN1_b_R,lLN1_b,lLN1,lLN1,75.0,38.0,37.0,-0.013333333333333334,0.028571428571428553,1776.0,4968.0,0.35748792270531404,35.7487922705314,7.024959742351047,0.7295671891945182,-0.021560846560846576,21,49,21,1.0,0.0,87,True,3.2496874278053016
5813054777,lLN1_b_R,lLN1_b,lLN1,lLN1,366.0,191.0,175.0,-0.04371584699453552,0.007279635258358666,1452.0,4119.0,0.35251274581209036,35.25127458120904,5.802379218256858,0.7344015537751881,-0.10281901853581742,20,48,19,1.0,0.0,86,True,3.1622656142980214
1702323388,lLN14_R,lLN14,lLN14,other lLN,36.0,31.0,5.0,-0.7222222222222222,-0.5407407407407407,77.0,147.0,0.5238095238095237,52.38095238095237,24.489795918367346,7.482993197278913,-1.0,5,7,1,0.72,0.0,97,True,1.8920946026904804
2041993364,lLN7_R,lLN7,lLN7,other lLN,72.0,49.0,23.0,-0.3611111111111111,-0.29999999999999993,38.0,647.0,0.058732612055641426,5.873261205564143,2.472952086553323,0.6525845783960158,0.16444444444444442,14,9,3,1.0,0.0,112,True,1.591064607026499
1795734228,lLN8_R,lLN8,lLN8,other lLN,291.0,267.0,24.0,-0.8350515463917526,-0.8362535612535612,232.0,608.0,0.381578947368421,38.1578947368421,17.105263157894736,3.815789473684211,-0.8416402116402117,6,10,6,1.0,0.0,113,True,2.367355921026019
5813078133,v2LN33_R,v2LN33,v2LN33,v2LN3,26.0,26.0,0.0,-1.0,-1.0,79.0,391.0,0.2020460358056266,20.20460358056266,20.20460358056266,20.20460358056266,,1,1,0,0.52,0.0,124,True,1.9030899869919435
1730979793,v2LN31_R,v2LN31,v2LN31,v2LN3,1285.0,1159.0,126.0,-0.8038910505836576,-0.8645866447257701,434.0,895.0,0.4849162011173184,48.49162011173184,43.24022346368715,9.69832402234637,-0.8043411186117396,3,5,3,1.0,0.0,120,True,2.6384892569546374
1702651358,lLN1_c_R,lLN1_c,lLN1,lLN1,113.0,63.0,50.0,-0.11504424778761062,-0.05002570528886321,1411.0,3879.0,0.3637535447280227,36.37535447280227,6.548079401907708,0.7739437121872824,-0.08853856423949882,19,47,19,1.0,0.0,88,True,3.149834696715785
1885765762,lLN8_R,lLN8,lLN8,other lLN,346.0,325.0,21.0,-0.8786127167630058,-0.9132719678979522,321.0,698.0,0.45988538681948427,45.98853868194843,9.455587392550143,2.8742836676217767,-0.9037198930337288,8,16,8,1.0,0.0,114,True,2.507855871695831
