source_root_id,analysis_body_id,LN_instance,LN_type,analysis_hemisphere,neuropil,orn_synapses_in_hemisphere,pn_synapses_in_hemisphere,all_output_synapses_in_hemisphere,primary_flywire_name,comparison_name,recommended_match_group,hemibrain_type_names,hemibrain_family_names,all_names,cell_type,hemibrain_type,top_nt,top_nt_conf,known_nt,known_nt_source,comparison_LN_class
720575940641773472,7205759406417734721,v2LN39a_L,v2LN39a,L,AL_L,5,531,2175,v2LN39a,v2LN39a,v2LN39a,,,AL local neuron;ALLN;ALv2;right;v2LN39a,v2LN39a,,glutamate,0.5832123681162692,,,v2LN39a
720575940606045314,7205759406060453141,CB1013_L,CB1013,L,AL_L,11,57,731,CB1013,CB1013,CB1013,,,AL local neuron;ALLN;ALv2;CB1013;glutamate;right,CB1013,,glutamate,0.3651793821959072,,,CB1013
720575940632007983,7205759406320079831,LN60b_L,LN60b,L,AL_L,96,526,1393,LN60b,LN60b,LN60b,,,AL local neuron;ALLN;LN60b,LN60b,,gaba,0.6556733948008031,,,LN60b
720575940632007983,7205759406320079832,LN60b_R,LN60b,R,AL_R,702,2508,6410,LN60b,LN60b,LN60b,,,AL local neuron;ALLN;LN60b,LN60b,,gaba,0.6556733948008031,,,LN60b
720575940626030776,7205759406260307762,vLN28_vLN29_R,vLN28_vLN29,R,AL_R,456,314,2282,"vLN28,vLN29",vLN28,vLN28;vLN29,vLN28;vLN29,vLN28;vLN29,AL local neuron;ALLN;vLN28;vLN29,,"vLN28,vLN29",glutamate,0.5875315034053549,,,vLN28;vLN29
720575940605883569,7205759406058835692,lLN2P_b_R,lLN2P_b,R,AL_R,945,1127,6998,lLN2P_b,lLN2P_b,lLN2P,lLN2P_b,lLN2P,AL local neuron;ALLN;ALl1_dorsal;lLN2P_b;left,,lLN2P_b,gaba,0.3161370422224327,"gaba, myoinhibitory peptide","Sizemore et al., 2023",lLN2P
720575940630407388,7205759406304073882,lLN2T_b_R,lLN2T_b,R,AL_R,6646,2878,15993,lLN2T_b,lLN2T_b,lLN2T,lLN2T_b,lLN2T,AL local neuron;ALLN;lLN2T_b,,lLN2T_b,serotonin,0.3452087675311435,acetylcholine,"Shang et al., 2007",lLN2T
720575940629589292,7205759406295892922,v2LN49_R,v2LN49,R,AL_R,5,309,1534,v2LN49,v2LN49,v2LN49,v2LN49,v2LN49,AL local neuron;ALLN;ALv1;glutamate;left;v2LN49,,v2LN49,glutamate,0.4039072043871284,,,v2LN49
720575940615513086,7205759406155130862,lLN2P_c_R,lLN2P_c,R,AL_R,381,2159,7684,lLN2P_c,lLN2P_c,lLN2P,lLN2P_c,lLN2P,AL local neuron;ALLN;ALl1_dorsal;lLN2P_c;left,,lLN2P_c,gaba,0.5209322725851425,,,lLN2P
720575940623650823,7205759406236508232,lLN2P_b_R,lLN2P_b,R,AL_R,1128,1443,8442,lLN2P_b,lLN2P_b,lLN2P,lLN2P_b,lLN2P,AL local neuron;ALLN;ALl1_dorsal;lLN2P_b;left,,lLN2P_b,gaba,0.3075270757937074,"gaba, myoinhibitory peptide","Sizemore et al., 2023",lLN2P
720575940624832743,7205759406248327432,lLN2X12_R,lLN2X12,R,AL_R,790,1497,8737,lLN2X12,lLN2X12,lLN2X12,,,AL local neuron;ALLN;ALl1_dorsal;lLN2X12;left,lLN2X12,,acetylcholine,0.3162455339187331,,,lLN2X12
720575940634034839,7205759406340348391,lLN1_bc_L,lLN1_bc,L,AL_L,46,2051,9602,lLN1_bc,lLN1_b,lLN1,lLN1_b;lLN1_c,lLN1,AL local neuron;ALLN;ALl1_dorsal;lLN1_b;lLN1_bc;lLN1_c;right,lLN1_bc,"lLN1_b,lLN1_c",acetylcholine,0.2545248144668138,,,lLN1
720575940622920074,7205759406229200741,lLN1_bc_L,lLN1_bc,L,AL_L,150,2446,10498,lLN1_bc,lLN1_b,lLN1,lLN1_b;lLN1_c,lLN1,AL local neuron;ALLN;ALl1_dorsal;lLN1_b;lLN1_bc;lLN1_c;right,lLN1_bc,"lLN1_b,lLN1_c",dopamine,0.298814884504176,,,lLN1
720575940627690246,7205759406276902461,lLN2X03_L,lLN2X03,L,AL_L,669,2763,11812,lLN2X03,lLN2T_a,lLN2T,lLN2T_a,lLN2T,AL local neuron;ALLN;lLN2T_a;lLN2X03,lLN2X03,lLN2T_a,serotonin,0.4484668828974968,acetylcholine,"Shang et al., 2007",lLN2T
720575940636241550,7205759406362415501,lLN2P_a_L,lLN2P_a,L,AL_L,875,822,6215,lLN2P_a,lLN2P_a,lLN2P,lLN2P_a,lLN2P,AL local neuron;ALLN;ALl1_dorsal;lLN2P_a;right,,lLN2P_a,glutamate,0.3498028129284032,,,lLN2P
720575940612907121,7205759406129071211,lLN2X12_L,lLN2X12,L,AL_L,881,1301,7253,lLN2X12,lLN2X12,lLN2X12,,,AL local neuron;ALLN;ALl1_dorsal;lLN2X12;right,lLN2X12,,serotonin,0.2895058424133054,,,lLN2X12
720575940644255255,7205759406442552551,CB1132_L,CB1132,L,AL_L,28,399,1673,CB1132,CB1132,CB1132,,,AL local neuron;ALLN;CB1132,CB1132,,gaba,0.5575787136313713,,,CB1132
720575940623248883,7205759406232488831,CB1141_L,CB1141,L,AL_L,20,145,725,CB1141,CB1141,CB1141,,,AL local neuron;ALLN;CB1141,CB1141,,gaba,0.6109611560129976,,,CB1141
720575940606751922,7205759406067519221,lLN2X12_L,lLN2X12,L,AL_L,737,1176,6999,lLN2X12,lLN2X12,lLN2X12,,,AL local neuron;ALLN;ALl1_dorsal;lLN2X12;right,lLN2X12,,acetylcholine,0.4067475897228651,,,lLN2X12
720575940630945335,7205759406309453351,lLN1_bc_L,lLN1_bc,L,AL_L,66,2593,11652,lLN1_bc,lLN1_b,lLN1,lLN1_b;lLN1_c,lLN1,AL local neuron;ALLN;ALl1_dorsal;lLN1_b;lLN1_bc;lLN1_c;right,lLN1_bc,"lLN1_b,lLN1_c",serotonin,0.3215111980712848,,,lLN1
720575940634771552,7205759406347715521,vLN27_L,vLN27,L,AL_L,642,1324,4933,vLN27,vLN27,vLN27,vLN27,vLN27,AL local neuron;ALLN;vLN27,,vLN27,glutamate,0.3700466038116633,,,vLN27
720575940632795532,7205759406327955321,lLN2F_b_L,lLN2F_b,L,AL_L,8528,2693,46082,lLN2F_b,lLN2F_b,lLN2F,lLN2F_b,lLN2F,AL local neuron;ALLN;DABAF LN - previously identified but when adding new pieces;lLN2F_b;previous identifications were removed,,lLN2F_b,gaba,0.5732033580551936,,,lLN2F
720575940617586757,7205759406175867571,lLN2X12_L,lLN2X12,L,AL_L,764,1334,7691,lLN2X12,lLN2X12,lLN2X12,,,AL local neuron;ALLN;ALl1_dorsal;lLN2X12;right,lLN2X12,,acetylcholine,0.4285663883358714,,,lLN2X12
720575940623788040,7205759406237880401,lLN2F_a_L,lLN2F_a,L,AL_L,4730,1734,20961,lLN2F_a,lLN2F_a,lLN2F,lLN2F_a,lLN2F,AL local neuron;ALLN;lLN2F_a,,lLN2F_a,gaba,0.3304829942305237,,,lLN2F
720575940628343634,7205759406283436341,lLN2P_c_L,lLN2P_c,L,AL_L,493,2458,9163,lLN2P_c,lLN2P_c,lLN2P,lLN2P_c,lLN2P,AL local neuron;ALLN;ALl1_dorsal;lLN2P_c;right,,lLN2P_c,gaba,0.5241673868672188,,,lLN2P
720575940631526215,7205759406315262151,CB1266_L,CB1266,L,AL_L,342,69,529,CB1266,CB1266,CB1266,,,AL local neuron;ALLN;CB1266,CB1266,,acetylcholine,0.4281123195893617,,,CB1266
720575940631526215,7205759406315262152,CB1266_R,CB1266,R,AL_R,1012,633,5568,CB1266,CB1266,CB1266,,,AL local neuron;ALLN;CB1266,CB1266,,acetylcholine,0.4281123195893617,,,CB1266
720575940630183286,7205759406301832861,lLN1_bc_L,lLN1_bc,L,AL_L,68,2571,11622,lLN1_bc,lLN1_b,lLN1,lLN1_b;lLN1_c,lLN1,AL local neuron;ALLN;ALl1_dorsal;lLN1_b;lLN1_bc;lLN1_c;right,lLN1_bc,"lLN1_b,lLN1_c",dopamine,0.3047182024263759,,,lLN1
720575940618076214,7205759406180762142,CB1285_R,CB1285,R,AL_R,5,105,553,CB1285,CB1285,CB1285,,,CB1285,CB1285,,gaba,0.5804503046956879,,,CB1285
720575940632197930,7205759406321979301,lLN1_bc_L,lLN1_bc,L,AL_L,68,2164,9723,lLN1_bc,lLN1_b,lLN1,lLN1_b;lLN1_c,lLN1,AL local neuron;ALLN;ALl1_dorsal;lLN1_b;lLN1_bc;lLN1_c;right,lLN1_bc,"lLN1_b,lLN1_c",acetylcholine,0.2572549575047267,,,lLN1
720575940614757974,7205759406147579742,v2LN40_2_R,v2LN40_2,R,AL_R,381,311,1601,v2LN40_2,v2LN40_2,v2LN40_2,,,AL local neuron;ALLN;ALv2;acetylcholine;left;v2LN40_2,v2LN40_2,,acetylcholine,0.3660035921726637,,,v2LN40_2
720575940621086996,7205759406210869962,v2LN31_R,v2LN31,R,AL_R,1504,851,3514,v2LN31,v2LN31,v2LN31,v2LN31,v2LN31,AL local neuron;ALLN;ALv2;glutamate;left;v2LN31,,v2LN31,glutamate,0.4677431090440471,,,v2LN31
720575940625177836,7205759406251778361,lLN9_L,lLN9,L,AL_L,28,123,658,lLN9,lLN9,lLN9,lLN9,lLN9,AL local neuron;ALLN;lLN9,,lLN9,acetylcholine,0.410955573278443,,,lLN9
720575940625177836,7205759406251778362,lLN9_R,lLN9,R,AL_R,2,6,80,lLN9,lLN9,lLN9,lLN9,lLN9,AL local neuron;ALLN;lLN9,,lLN9,acetylcholine,0.410955573278443,,,lLN9
720575940626624275,7205759406266242751,lLN2P_c_L,lLN2P_c,L,AL_L,544,2881,9494,lLN2P_c,lLN2P_c,lLN2P,lLN2P_c,lLN2P,AL local neuron;ALLN;ALl1_dorsal;lLN2P_c;right,,lLN2P_c,gaba,0.5644188648076028,,,lLN2P
720575940617938752,7205759406179387521,CB1473_L,CB1473,L,AL_L,50,478,1679,CB1473,CB1473,CB1473,,,AL local neuron;ALLN;CB1473,CB1473,,gaba,0.4070506520199837,,,CB1473
720575940623636701,7205759406236367011,il3LN6_L,il3LN6,L,AL_L,9044,2109,19814,il3LN6,il3LN6,il3LN6,il3LN6,il3LN6,AL local neuron;ALLN;Keystone;il3LN6,,il3LN6,acetylcholine,0.3177111396127737,gaba,"Tanaka et al., 2012",il3LN6
720575940623636701,7205759406236367012,il3LN6_R,il3LN6,R,AL_R,6856,1509,14577,il3LN6,il3LN6,il3LN6,il3LN6,il3LN6,AL local neuron;ALLN;Keystone;il3LN6,,il3LN6,acetylcholine,0.3177111396127737,gaba,"Tanaka et al., 2012",il3LN6
720575940632000993,7205759406320009931,CB1546_L,CB1546,L,AL_L,45,385,1619,CB1546,CB1546,CB1546,,,AL local neuron;ALLN;CB1546,CB1546,,gaba,0.5440559969229407,,,CB1546
720575940625977802,7205759406259778022,lLN2P_a_R,lLN2P_a,R,AL_R,971,946,6748,lLN2P_a,lLN2P_a,lLN2P,lLN2P_a,lLN2P,AL local neuron;ALLN;lLN2P_a,,lLN2P_a,glutamate,0.3105884187258055,,,lLN2P
720575940625119625,7205759406251196251,CB1668_L,CB1668,L,AL_L,65,184,608,CB1668,CB1668,CB1668,,,AL local neuron;ALLN;ALv2;CB1668;glutamate;right,CB1668,,glutamate,0.4544144745070239,,,CB1668
720575940625119625,7205759406251196252,CB1668_R,CB1668,R,AL_R,40,73,409,CB1668,CB1668,CB1668,,,AL local neuron;ALLN;ALv2;CB1668;glutamate;right,CB1668,,glutamate,0.4544144745070239,,,CB1668
720575940631618920,7205759406316189201,CB1673_L,CB1673,L,AL_L,2,19,541,CB1673,CB1673,CB1673,,,AL local neuron;ALLN;ALv2;CB1673;left,CB1673,,glutamate,0.4811461535184668,,,CB1673
720575940631618920,7205759406316189202,CB1673_R,CB1673,R,AL_R,7,43,1646,CB1673,CB1673,CB1673,,,AL local neuron;ALLN;ALv2;CB1673;left,CB1673,,glutamate,0.4811461535184668,,,CB1673
720575940608362418,7205759406083624181,CB1676_L,CB1676,L,AL_L,237,290,3538,CB1676,CB1676,CB1676,,,AL local neuron;ALLN;ALv2;CB1676;acetylcholine;right,CB1676,,acetylcholine,0.3696531902702176,,,CB1676
720575940608362418,7205759406083624182,CB1676_R,CB1676,R,AL_R,14,18,477,CB1676,CB1676,CB1676,,,AL local neuron;ALLN;ALv2;CB1676;acetylcholine;right,CB1676,,acetylcholine,0.3696531902702176,,,CB1676
720575940634962936,7205759406349629362,CB1686_R,CB1686,R,AL_R,47,311,1312,CB1686,CB1686,CB1686,,,AL local neuron;ALLN;CB1686,CB1686,,gaba,0.4117477300309372,,,CB1686
720575940623901695,7205759406239016951,CB1266_L,CB1266,L,AL_L,1499,618,6168,CB1266,CB1266,CB1266,,,AL local neuron;ALLN;ALv1;CB1266;right,CB1266,,glutamate,0.3659432660124564,,,CB1266
720575940638775118,7205759406387751181,lLN8_L,lLN8,L,AL_L,394,451,1817,lLN8,lLN8,lLN8,lLN8,lLN8,AL local neuron;ALLN;lLN8,,lLN8,gaba,0.6871559505483105,,,lLN8
720575940638775118,7205759406387751182,lLN8_R,lLN8,R,AL_R,72,494,1452,lLN8,lLN8,lLN8,lLN8,lLN8,AL local neuron;ALLN;lLN8,,lLN8,gaba,0.6871559505483105,,,lLN8
720575940618304670,7205759406183046702,CB1824_R,CB1824,R,AL_R,76,149,742,CB1824,CB1824,CB1824,,,AL local neuron;ALLN;CB1824,CB1824,,gaba,0.6370500526380711,,,CB1824
720575940617205179,7205759406172051791,lLN2P_c_L,lLN2P_c,L,AL_L,557,3293,10563,lLN2P_c,lLN2P_c,lLN2P,lLN2P_c,lLN2P,AL local neuron;ALLN;ALl1_dorsal;lLN2P_c;patchy LN;right,,lLN2P_c,gaba,0.5874543160898501,,,lLN2P
720575940639892413,7205759406398924131,v2LN31_L,v2LN31,L,AL_L,1828,920,3496,v2LN31,v2LN31,v2LN31,v2LN31,v2LN31,AL local neuron;ALLN;v2LN31,,v2LN31,glutamate,0.5450378347953949,,,v2LN31
720575940630864170,7205759406308641701,CB1546_L,CB1546,L,AL_L,45,554,2097,CB1546,CB1546,CB1546,,,AL local neuron;ALLN;CB1546,CB1546,,gaba,0.5987628610223299,,,CB1546
720575940631558113,7205759406315581132,CB1545_R,CB1545,R,AL_R,2,265,1566,CB1545,CB1545,CB1545,,,AL local neuron;ALLN;ALv2;CB1545;left,CB1545,,glutamate,0.5921931386255033,,,CB1545
720575940631497078,7205759406314970781,lLN2P_a_L,lLN2P_a,L,AL_L,816,738,5981,lLN2P_a,lLN2P_a,lLN2P,lLN2P_a,lLN2P,AL local neuron;ALLN;lLN2P_a,,lLN2P_a,glutamate,0.2709635348799959,,,lLN2P
720575940627066757,7205759406270667571,v2LN5_L,v2LN5,L,AL_L,1167,922,4742,v2LN5,v2LN5,v2LN5,v2LN5,v2LN5,AL local neuron;ALLN;ALv1;right;v2LN5,,v2LN5,glutamate,0.4253004674956754,,,v2LN5
720575940627066757,7205759406270667572,v2LN5_R,v2LN5,R,AL_R,116,137,928,v2LN5,v2LN5,v2LN5,v2LN5,v2LN5,AL local neuron;ALLN;ALv1;right;v2LN5,,v2LN5,glutamate,0.4253004674956754,,,v2LN5
720575940631619921,7205759406316199211,lLN2X12_L,lLN2X12,L,AL_L,981,1481,8641,lLN2X12,lLN2X12,lLN2X12,,,AL local neuron;ALLN;ALl1_dorsal;lLN2X12;right,lLN2X12,,acetylcholine,0.492647776253261,,,lLN2X12
720575940616953467,7205759406169534672,CB1013_R,CB1013,R,AL_R,40,59,645,CB1013,CB1013,CB1013,,,AL local neuron;ALLN;ALv2;CB1013;glutamate;left,CB1013,,glutamate,0.4515141593006758,,,CB1013
720575940624084429,7205759406240844291,v2LN3A1_b_L,v2LN3A1_b,L,AL_L,3,62,473,v2LN3A1_b,v2LN3A,v2LN3A,v2LN3A,v2LN3A,AL local neuron;ALLN;ALv2;left;v2LN3A;v2LN3A1_b,v2LN3A1_b,v2LN3A,glutamate,0.3162798710334452,,,v2LN3a
720575940624084429,7205759406240844292,v2LN3A1_b_R,v2LN3A1_b,R,AL_R,233,97,1714,v2LN3A1_b,v2LN3A,v2LN3A,v2LN3A,v2LN3A,AL local neuron;ALLN;ALv2;left;v2LN3A;v2LN3A1_b,v2LN3A1_b,v2LN3A,glutamate,0.3162798710334452,,,v2LN3a
720575940626310686,7205759406263106861,CB1686_L,CB1686,L,AL_L,67,487,1612,CB1686,CB1686,CB1686,,,AL local neuron;ALLN;CB1686,CB1686,,gaba,0.4685977739198478,,,CB1686
720575940634303132,7205759406343031322,lLN2P_a_R,lLN2P_a,R,AL_R,980,913,6616,lLN2P_a,lLN2P_a,lLN2P,lLN2P_a,lLN2P,AL local neuron;ALLN;ALl1_dorsal;lLN2P_a;left,,lLN2P_a,glutamate,0.3437242851139494,,,lLN2P
720575940632505359,7205759406325053592,lLN2P_a_R,lLN2P_a,R,AL_R,1326,1296,8085,lLN2P_a,lLN2P_a,lLN2P,lLN2P_a,lLN2P,AL local neuron;ALLN;lLN2P_a,,lLN2P_a,glutamate,0.3060562227069875,,,lLN2P
720575940641609869,7205759406416098691,CB1546_L,CB1546,L,AL_L,17,344,1554,CB1546,CB1546,CB1546,,,AL local neuron;ALLN;CB1546,CB1546,,gaba,0.5890541668257242,,,CB1546
720575940622625279,7205759406226252792,v2LN41a_R,v2LN41a,R,AL_R,3,294,1472,v2LN41a,v2LN41,v2LN41,v2LN41,v2LN41,AL local neuron;ALLN;ALv2;acetylcholine;right;v2LN41;v2LN41a,v2LN41a,v2LN41,acetylcholine,0.4164426755141132,,,v2LN41
720575940660217985,7205759406602179852,lLN2P_b_R,lLN2P_b,R,AL_R,965,1255,8516,lLN2P_b,lLN2P_b,lLN2P,lLN2P_b,lLN2P,AL local neuron;ALLN;lLN2P_b,,lLN2P_b,gaba,0.3468748826222133,"gaba, myoinhibitory peptide","Sizemore et al., 2023",lLN2P
720575940609890315,7205759406098903151,v2LN3A1_b_L,v2LN3A1_b,L,AL_L,1,28,237,v2LN3A1_b,v2LN3A,v2LN3A,v2LN3A,v2LN3A,AL local neuron;ALLN;ALv2;left;v2LN3A;v2LN3A1_b,v2LN3A1_b,v2LN3A,glutamate,0.3447920687840837,,,v2LN3a
720575940609890315,7205759406098903152,v2LN3A1_b_R,v2LN3A1_b,R,AL_R,499,192,3205,v2LN3A1_b,v2LN3A,v2LN3A,v2LN3A,v2LN3A,AL local neuron;ALLN;ALv2;left;v2LN3A;v2LN3A1_b,v2LN3A1_b,v2LN3A,glutamate,0.3447920687840837,,,v2LN3a
720575940635664046,7205759406356640461,v2LN40_2_L,v2LN40_2,L,AL_L,424,469,1976,v2LN40_2,v2LN40_2,v2LN40_2,,,AL local neuron;ALLN;ALv2;glutamate;right;v2LN40_2,v2LN40_2,,glutamate,0.4938102884165272,,,v2LN40_2
720575940624356792,7205759406243567922,CB1824_R,CB1824,R,AL_R,64,126,533,CB1824,CB1824,CB1824,,,AL local neuron;ALLN;CB1824,CB1824,,gaba,0.6130524880440452,,,CB1824
720575940622592099,7205759406225920991,CB1668_L,CB1668,L,AL_L,18,99,395,CB1668,CB1668,CB1668,,,AL local neuron;ALLN;ALv2;CB1668;glutamate;left,CB1668,,glutamate,0.5410057066705198,,,CB1668
720575940622592099,7205759406225920992,CB1668_R,CB1668,R,AL_R,13,62,297,CB1668,CB1668,CB1668,,,AL local neuron;ALLN;ALv2;CB1668;glutamate;left,CB1668,,glutamate,0.5410057066705198,,,CB1668
720575940644362788,7205759406443627881,lLN2P_a_L,lLN2P_a,L,AL_L,1175,833,7157,lLN2P_a,lLN2P_a,lLN2P,lLN2P_a,lLN2P,AL local neuron;ALLN;ALl1_dorsal;lLN2P_a;right,,lLN2P_a,glutamate,0.3251593731233148,,,lLN2P
720575940623280311,7205759406232803111,CB1048_L,CB1048,L,AL_L,2,438,1625,CB1048,CB1048,CB1048,,,AL local neuron;ALLN;ALv2;CB1048;right,CB1048,,glutamate,0.5490415421820043,,,CB1048
720575940625630212,7205759406256302121,CB2345_L,CB2345,L,AL_L,2,117,958,CB2345,CB2345,CB2345,,,AL local neuron;ALLN;ALv2;CB2345;glutamate;right,CB2345,,glutamate,0.6029092110788632,,,CB2345
720575940631423116,7205759406314231161,lLN1_a_L,lLN1_a,L,AL_L,70,2495,10490,lLN1_a,lLN1_a,lLN1,lLN1_a,lLN1,AL local neuron;ALLN;ALl1_dorsal;lLN1_a;right,,lLN1_a,serotonin,0.4081273779123834,,,lLN1
720575940621089780,7205759406210897801,CB1546_L,CB1546,L,AL_L,21,425,1951,CB1546,CB1546,CB1546,,,AL local neuron;ALLN;CB1546,CB1546,,gaba,0.5803712771022886,,,CB1546
720575940632835688,7205759406328356881,lLN2T_d_L,lLN2T_d,L,AL_L,12,3,51,lLN2T_d,lLN2T_d,lLN2T,lLN2T_d,lLN2T,AL local neuron;ALLN;ALl1_dorsal;lLN2T_d;left,,lLN2T_d,gaba,0.5937632841164727,,,lLN2T
720575940632835688,7205759406328356882,lLN2T_d_R,lLN2T_d,R,AL_R,1591,1467,10627,lLN2T_d,lLN2T_d,lLN2T,lLN2T_d,lLN2T,AL local neuron;ALLN;ALl1_dorsal;lLN2T_d;left,,lLN2T_d,gaba,0.5937632841164727,,,lLN2T
720575940622054497,7205759406220544971,lLN2P_a_L,lLN2P_a,L,AL_L,873,995,6266,lLN2P_a,lLN2P_a,lLN2P,lLN2P_a,lLN2P,AL local neuron;ALLN;lLN2P_a,,lLN2P_a,glutamate,0.386849423438393,,,lLN2P
720575940616486230,7205759406164862302,lLN2P_c_R,lLN2P_c,R,AL_R,365,1991,7449,lLN2P_c,lLN2P_c,lLN2P,lLN2P_c,lLN2P,AL local neuron;ALLN;ALl1_dorsal;lLN2P_c;left,,lLN2P_c,gaba,0.5824616466689315,,,lLN2P
720575940628914692,7205759406289146921,LN60b_L,LN60b,L,AL_L,624,3092,7726,LN60b,LN60b,LN60b,,,AL local neuron;ALLN;LN60b,LN60b,,gaba,0.7267106471966838,,,LN60b
720575940628914692,7205759406289146922,LN60b_R,LN60b,R,AL_R,53,262,601,LN60b,LN60b,LN60b,,,AL local neuron;ALLN;LN60b,LN60b,,gaba,0.7267106471966838,,,LN60b
720575940620400116,7205759406204001161,CB2471_L,CB2471,L,AL_L,40,178,1145,CB2471,CB2471,CB2471,,,AL local neuron;ALLN;CB2471,CB2471,,acetylcholine,0.3249828852619149,,,CB2471
720575940626681146,7205759406266811461,v2LN42b_L,v2LN42b,L,AL_L,41,167,869,v2LN42b,v2LN42,v2LN42,v2LN42,v2LN42,AL local neuron;ALLN;ALv2;right;v2LN42;v2LN42b,v2LN42b,v2LN42,glutamate,0.6374906152280737,,,v2LN42
720575940615073587,7205759406150735871,lLN2X02_L,lLN2X02,L,AL_L,1368,1875,6213,lLN2X02,lLN2X02,lLN2X02,,,AL local neuron;ALLN;lLN2X02,lLN2X02,,gaba,0.4903495599679865,,,lLN2X02
720575940648633988,7205759406486339882,lLN1_bc_R,lLN1_bc,R,AL_R,46,2091,9341,lLN1_bc,lLN1_b,lLN1,lLN1_b;lLN1_c,lLN1,AL local neuron;ALLN;ALl1_dorsal;acetylcholine;lLN1_b;lLN1_bc;lLN1_c;left,lLN1_bc,"lLN1_b,lLN1_c",acetylcholine,0.2760671202056417,,,lLN1
720575940640364085,7205759406403640851,CB2504_L,CB2504,L,AL_L,55,124,848,CB2504,CB2504,CB2504,,,AL local neuron;ALLN;CB2504,CB2504,,gaba,0.5092587899866644,,,CB2504
720575940624977466,7205759406249774661,CB2527_L,CB2527,L,AL_L,25,77,1066,CB2527,CB2527,CB2527,,,AL local neuron;ALLN;ALv2;CB2527;glutamate;right,CB2527,,glutamate,0.403080998784132,,,CB2527
720575940624977466,7205759406249774662,CB2527_R,CB2527,R,AL_R,5,21,465,CB2527,CB2527,CB2527,,,AL local neuron;ALLN;ALv2;CB2527;glutamate;right,CB2527,,glutamate,0.403080998784132,,,CB2527
720575940623792648,7205759406237926482,lLN1_bc_R,lLN1_bc,R,AL_R,51,1773,8287,lLN1_bc,lLN1_b,lLN1,lLN1_b;lLN1_c,lLN1,AL local neuron;ALLN;ALl1_dorsal;lLN1_b;lLN1_bc;lLN1_c;left,lLN1_bc,"lLN1_b,lLN1_c",acetylcholine,0.2923534758134283,,,lLN1
720575940631105580,7205759406311055801,lLN2P_a_L,lLN2P_a,L,AL_L,764,887,6726,lLN2P_a,lLN2P_a,lLN2P,lLN2P_a,lLN2P,AL local neuron;ALLN;ALl1_dorsal;lLN2P_a;right,,lLN2P_a,glutamate,0.3530643743292261,,,lLN2P
720575940626378242,7205759406263782422,lLN2P_a_R,lLN2P_a,R,AL_R,732,891,7156,lLN2P_a,lLN2P_a,lLN2P,lLN2P_a,lLN2P,AL local neuron;ALLN;ALl1_dorsal;lLN2P_a;left,,lLN2P_a,glutamate,0.3783349718627616,,,lLN2P
720575940634949311,7205759406349493112,lLN2P_c_R,lLN2P_c,R,AL_R,431,2476,7777,lLN2P_c,lLN2P_c,lLN2P,lLN2P_c,lLN2P,AL local neuron;ALLN;ALl1_dorsal;lLN2P_c;left,,lLN2P_c,gaba,0.5451626051991432,,,lLN2P
720575940625990277,7205759406259902771,CB2569_L,CB2569,L,AL_L,145,226,764,CB2569,CB2569,CB2569,,,AL local neuron;ALLN;ALv2;CB2569;glutamate;right,CB2569,,glutamate,0.4180315837451869,,,CB2569
720575940625990277,7205759406259902772,CB2569_R,CB2569,R,AL_R,71,123,658,CB2569,CB2569,CB2569,,,AL local neuron;ALLN;ALv2;CB2569;glutamate;right,CB2569,,glutamate,0.4180315837451869,,,CB2569
720575940616959778,7205759406169597781,CB2571_L,CB2571,L,AL_L,1,22,566,CB2571,CB2571,CB2571,,,AL local neuron;ALLN;ALv2;CB2571;left,CB2571,,glutamate,0.4094278710812498,,,CB2571
720575940616959778,7205759406169597782,CB2571_R,CB2571,R,AL_R,9,80,1572,CB2571,CB2571,CB2571,,,AL local neuron;ALLN;ALv2;CB2571;left,CB2571,,glutamate,0.4094278710812498,,,CB2571
720575940608345778,7205759406083457782,lLN2P_b_R,lLN2P_b,R,AL_R,746,1168,7358,lLN2P_b,lLN2P_b,lLN2P,lLN2P_b,lLN2P,AL local neuron;ALLN;ALl1_dorsal;lLN2P_b;left,,lLN2P_b,gaba,0.3496170516121951,"gaba, myoinhibitory peptide","Sizemore et al., 2023",lLN2P
720575940617629270,7205759406176292701,CB1676_L,CB1676,L,AL_L,3,14,488,CB1676,CB1676,CB1676,,,AL local neuron;ALLN;ALv2;CB1676;left,CB1676,,acetylcholine,0.3920821936325077,,,CB1676
720575940617629270,7205759406176292702,CB1676_R,CB1676,R,AL_R,163,263,3418,CB1676,CB1676,CB1676,,,AL local neuron;ALLN;ALv2;CB1676;left,CB1676,,acetylcholine,0.3920821936325077,,,CB1676
720575940620541349,7205759406205413491,v2LN36_L,v2LN36,L,AL_L,1454,2714,7258,v2LN36,v2LN36,v2LN36,v2LN36,v2LN36,AL local neuron;ALLN;v2LN36,,v2LN36,serotonin,0.5973435240787478,glutamate,"Chou et al., 2022",v2LN36
720575940621551854,7205759406215518541,lLN2T_e_L,lLN2T_e,L,AL_L,12,31,158,lLN2T_e,lLN2T_e,lLN2T,lLN2T_e,lLN2T,AL local neuron;ALLN;lLN2T_e,,lLN2T_e,serotonin,0.3227453613794822,,,lLN2T
720575940621551854,7205759406215518542,lLN2T_e_R,lLN2T_e,R,AL_R,743,2887,14142,lLN2T_e,lLN2T_e,lLN2T,lLN2T_e,lLN2T,AL local neuron;ALLN;lLN2T_e,,lLN2T_e,serotonin,0.3227453613794822,,,lLN2T
720575940614113682,7205759406141136821,vLN25_L,vLN25,L,AL_L,471,518,3573,vLN25,vLN25,vLN25,vLN25,vLN25,AL local neuron;ALLN;ALv2;glutamate;right;vLN25,,vLN25,glutamate,0.4178577356124644,,,vLN25
720575940631704716,7205759406317047162,lLN1_bc_R,lLN1_bc,R,AL_R,238,1760,8671,lLN1_bc,lLN1_b,lLN1,lLN1_b;lLN1_c,lLN1,AL local neuron;ALLN;ALl1_dorsal;lLN1_b;lLN1_bc;lLN1_c;left,lLN1_bc,"lLN1_b,lLN1_c",acetylcholine,0.2849678626842067,,,lLN1
720575940624323342,7205759406243233421,CB2661_L,CB2661,L,AL_L,10,127,458,CB2661,CB2661,CB2661,,,AL local neuron;ALLN;ALv2;CB2661;glutamate;left,CB2661,,glutamate,0.4913833896112471,,,CB2661
720575940624323342,7205759406243233422,CB2661_R,CB2661,R,AL_R,31,52,339,CB2661,CB2661,CB2661,,,AL local neuron;ALLN;ALv2;CB2661;glutamate;left,CB2661,,glutamate,0.4913833896112471,,,CB2661
720575940617918603,7205759406179186031,v2LNX01_L,v2LNX01,L,AL_L,38,355,2270,v2LNX01,v2LNX01,v2LNX01,,,AL local neuron;ALLN;ALv2;glutamate;right;v2LNX01,v2LNX01,,glutamate,0.5308292831755751,,,v2LNX01
720575940640415859,7205759406404158592,lLN2X07_R,lLN2X07,R,AL_R,534,800,5196,lLN2X07,lLN2X07,lLN2X07,,,AL local neuron;ALLN;ALl1_dorsal;lLN2X07;left,lLN2X07,,acetylcholine,0.4606171495385129,,,lLN2X07
720575940627737365,7205759406277373651,lLN2X10_L,lLN2X10,L,AL_L,503,1361,7092,lLN2X10,lLN2X10,lLN2X10,,,AL local neuron;ALLN;ALl1_dorsal;lLN2X10;right,lLN2X10,,acetylcholine,0.4717928547936066,,,lLN2X10
720575940621832001,7205759406218320012,CB1285_R,CB1285,R,AL_R,10,125,686,CB1285,CB1285,CB1285,,,AL local neuron;ALLN;CB1285,CB1285,,gaba,0.6447517206214063,,,CB1285
720575940621061285,7205759406210612851,vLN24_L,vLN24,L,AL_L,514,344,5345,vLN24,vLN24,vLN24,vLN24,vLN24,AL local neuron;ALLN;vLN24,,vLN24,glutamate,0.3342534622098851,,,vLN24
720575940633189145,7205759406331891451,CB1285_L,CB1285,L,AL_L,5,74,500,CB1285,CB1285,CB1285,,,AL local neuron;ALLN;CB1285,CB1285,,gaba,0.3921675177644634,,,CB1285
720575940617140765,7205759406171407651,CB1824_L,CB1824,L,AL_L,43,62,528,CB1824,CB1824,CB1824,,,AL local neuron;ALLN;CB1824,CB1824,,gaba,0.5598835021553071,,,CB1824
720575940632803212,7205759406328032122,CB1141_R,CB1141,R,AL_R,47,133,738,CB1141,CB1141,CB1141,,,AL local neuron;ALLN;CB1141,CB1141,,gaba,0.51137749767142,,,CB1141
720575940618681168,7205759406186811681,CB1285_L,CB1285,L,AL_L,2,82,534,CB1285,CB1285,CB1285,,,AL local neuron;ALLN;CB1285,CB1285,,gaba,0.6620361464739397,,,CB1285
720575940659844225,7205759406598442251,CB1141_L,CB1141,L,AL_L,8,71,618,CB1141,CB1141,CB1141,,,AL local neuron;ALLN;CB1141,CB1141,,gaba,0.6757841465556393,,,CB1141
720575940606267659,7205759406062676591,v2LN40_2_L,v2LN40_2,L,AL_L,333,408,1715,v2LN40_2,v2LN40_2,v2LN40_2,,,AL local neuron;ALLN;ALv2;glutamate;right;v2LN40_2,v2LN40_2,,glutamate,0.4322819586636843,,,v2LN40_2
720575940630575375,7205759406305753751,CB1285_L,CB1285,L,AL_L,1,110,570,CB1285,CB1285,CB1285,,,AL local neuron;ALLN;CB1285,CB1285,,gaba,0.6556468557280527,,,CB1285
720575940623930211,7205759406239302111,CB1141_L,CB1141,L,AL_L,10,61,448,CB1141,CB1141,CB1141,,,AL local neuron;ALLN;CB1141,CB1141,,gaba,0.5730883451857431,,,CB1141
720575940615071795,7205759406150717951,v2LN46b_L,v2LN46b,L,AL_L,1,18,80,v2LN46b,v2LN46,v2LN46,v2LN46,v2LN46,AL local neuron;ALLN;ALv2;left;v2LN46;v2LN46b,v2LN46b,v2LN46,glutamate,0.5648825843653247,,,v2LN46
720575940615071795,7205759406150717952,v2LN46b_R,v2LN46b,R,AL_R,95,124,516,v2LN46b,v2LN46,v2LN46,v2LN46,v2LN46,AL local neuron;ALLN;ALv2;left;v2LN46;v2LN46b,v2LN46b,v2LN46,glutamate,0.5648825843653247,,,v2LN46
720575940620755126,7205759406207551261,CB1824_L,CB1824,L,AL_L,43,206,807,CB1824,CB1824,CB1824,,,AL local neuron;ALLN;CB1824,CB1824,,gaba,0.6075119465058717,,,CB1824
720575940619954112,7205759406199541122,CB1285_R,CB1285,R,AL_R,16,115,595,CB1285,CB1285,CB1285,,,AL local neuron;ALLN;CB1285,CB1285,,gaba,0.5174472441454527,,,CB1285
720575940636110222,7205759406361102221,CB2822_L,CB2822,L,AL_L,34,69,838,CB2822,CB2822,CB2822,,,AL local neuron;ALLN;CB2822,CB2822,,gaba,0.5079778870067638,,,CB2822
720575940642343565,7205759406423435651,lLN8_L,lLN8,L,AL_L,81,708,2457,lLN8,lLN8,lLN8,lLN8,lLN8,AL local neuron;ALLN;ALl1_dorsal;lLN8;left,,lLN8,gaba,0.7728720862872979,,,lLN8
720575940642343565,7205759406423435652,lLN8_R,lLN8,R,AL_R,220,571,2009,lLN8,lLN8,lLN8,lLN8,lLN8,AL local neuron;ALLN;ALl1_dorsal;lLN8;left,,lLN8,gaba,0.7728720862872979,,,lLN8
720575940618158672,7205759406181586721,CB1824_L,CB1824,L,AL_L,24,88,566,CB1824,CB1824,CB1824,,,AL local neuron;ALLN;CB1824,CB1824,,gaba,0.641091452808606,,,CB1824
720575940623540477,7205759406235404771,CB1824_L,CB1824,L,AL_L,37,69,699,CB1824,CB1824,CB1824,,,AL local neuron;ALLN;CB1824,CB1824,,gaba,0.573799677435798,,,CB1824
720575940624422643,7205759406244226432,CB2845_R,CB2845,R,AL_R,24,185,723,CB2845,CB2845,CB2845,,,AL local neuron;ALLN;CB2845,CB2845,,acetylcholine,0.4316530589252871,,,CB2845
720575940637846947,7205759406378469472,CB1285_R,CB1285,R,AL_R,14,92,437,CB1285,CB1285,CB1285,,,AL local neuron;ALLN;CB1285,CB1285,,gaba,0.4813119301286983,,,CB1285
720575940613167845,7205759406131678451,CB1824_L,CB1824,L,AL_L,38,169,1102,CB1824,CB1824,CB1824,,,AL local neuron;ALLN;CB1824,CB1824,,gaba,0.4439112525135154,,,CB1824
720575940606756785,7205759406067567851,v2LN46a_L,v2LN46a,L,AL_L,2,76,285,v2LN46a,v2LN46,v2LN46,v2LN46,v2LN46,AL local neuron;ALLN;ALv2;glutamate;left;v2LN46;v2LN46a,v2LN46a,v2LN46,glutamate,0.6938454101721945,,,v2LN46
720575940606756785,7205759406067567852,v2LN46a_R,v2LN46a,R,AL_R,17,97,609,v2LN46a,v2LN46,v2LN46,v2LN46,v2LN46,AL local neuron;ALLN;ALv2;glutamate;left;v2LN46;v2LN46a,v2LN46a,v2LN46,glutamate,0.6938454101721945,,,v2LN46
720575940642015477,7205759406420154772,v2LN41a_R,v2LN41a,R,AL_R,4,289,2042,v2LN41a,v2LN41,v2LN41,v2LN41,v2LN41,AL local neuron;ALLN;ALv2;left;v2LN41;v2LN41a,v2LN41a,v2LN41,acetylcholine,0.3455642029312194,,,v2LN41
720575940640060112,7205759406400601121,CB2471_L,CB2471,L,AL_L,66,97,662,CB2471,CB2471,CB2471,,,AL local neuron;ALLN;CB2471,CB2471,,acetylcholine,0.3537882848751856,,,CB2471
720575940640060112,7205759406400601122,CB2471_R,CB2471,R,AL_R,1,37,192,CB2471,CB2471,CB2471,,,AL local neuron;ALLN;CB2471,CB2471,,acetylcholine,0.3537882848751856,,,CB2471
720575940650581881,7205759406505818811,CB2908_L,CB2908,L,AL_L,57,294,1246,CB2908,CB2908,CB2908,,,ALLN;CB2908,CB2908,,gaba,0.5608432344223045,,,CB2908
720575940640258613,7205759406402586132,CB1824_R,CB1824,R,AL_R,29,156,899,CB1824,CB1824,CB1824,,,AL local neuron;ALLN;CB1824,CB1824,,gaba,0.6005615237464692,,,CB1824
720575940646037783,7205759406460377831,v2LN47_L,v2LN47,L,AL_L,24,65,373,v2LN47,v2LN47,v2LN47,v2LN47,v2LN47,AL local neuron;ALLN;ALv2;glutamate;right;v2LN47,,v2LN47,glutamate,0.6184462817657631,,,v2LN47
720575940621612765,7205759406216127652,v2LN47_R,v2LN47,R,AL_R,36,67,397,v2LN47,v2LN47,v2LN47,v2LN47,v2LN47,AL local neuron;ALLN;ALv2;glutamate;left;v2LN47,,v2LN47,glutamate,0.6702240381797083,,,v2LN47
720575940623136717,7205759406231367171,lLN2X12_L,lLN2X12,L,AL_L,756,1336,7965,lLN2X12,lLN2X12,lLN2X12,,,AL local neuron;ALLN;ALl1_dorsal;lLN2X12;right,lLN2X12,,acetylcholine,0.2784012274175437,,,lLN2X12
720575940641621645,7205759406416216452,lLN13_R,lLN13,R,AL_R,16,269,1664,lLN13,lLN13,lLN13,lLN13,lLN13,AL local neuron;ALLN;lLN13,,lLN13,gaba,0.5160882279862982,,,lLN13
720575940637510121,7205759406375101211,CB1141_L,CB1141,L,AL_L,11,76,603,CB1141,CB1141,CB1141,,,AL local neuron;ALLN;CB1141,CB1141,,gaba,0.428902650673083,,,CB1141
720575940618259766,7205759406182597661,CB2845_L,CB2845,L,AL_L,47,144,663,CB2845,CB2845,CB2845,,,AL local neuron;ALLN;CB2845,CB2845,,acetylcholine,0.3995435716871526,,,CB2845
720575940614054802,7205759406140548022,l2LN22_R,l2LN22,R,AL_R,1,353,2070,l2LN22,l2LN22,l2LN22,l2LN22,l2LN22,AL local neuron;ALLN;l2LN22,,l2LN22,gaba,0.355195666135193,,,l2LN22
720575940625772828,7205759406257728281,CB3007_L,CB3007,L,AL_L,19,203,1222,CB3007,CB3007,CB3007,,,AL local neuron;ALLN;CB3007,CB3007,,gaba,0.5894966731077305,,,CB3007
720575940626518302,7205759406265183021,CB2908_L,CB2908,L,AL_L,47,247,1162,CB2908,CB2908,CB2908,,,AL local neuron;ALLN;CB2908,CB2908,,gaba,0.2808452785860095,,,CB2908
720575940622811400,7205759406228114002,CB2822_R,CB2822,R,AL_R,15,146,912,CB2822,CB2822,CB2822,,,AL local neuron;ALLN;CB2822,CB2822,,gaba,0.5449602751602651,,,CB2822
720575940624645818,7205759406246458182,CB1824_R,CB1824,R,AL_R,39,116,742,CB1824,CB1824,CB1824,,,AL local neuron;ALLN;CB1824,CB1824,,gaba,0.5208506597595999,,,CB1824
720575940628142352,7205759406281423522,CB2908_R,CB2908,R,AL_R,83,378,1379,CB2908,CB2908,CB2908,,,AL local neuron;ALLN;CB2908,CB2908,,gaba,0.4751122735673742,,,CB2908
720575940629942343,7205759406299423431,CB1013_L,CB1013,L,AL_L,35,77,659,CB1013,CB1013,CB1013,,,AL local neuron;ALLN;ALv2;CB1013;right,CB1013,,glutamate,0.4049187502502178,,,CB1013
720575940628251907,7205759406282519072,CB1546_R,CB1546,R,AL_R,23,385,1695,CB1546,CB1546,CB1546,,,AL local neuron;ALLN;CB1546,CB1546,,gaba,0.5156200344470707,,,CB1546
720575940616198587,7205759406161985872,CB2471_R,CB2471,R,AL_R,92,174,1091,CB2471,CB2471,CB2471,,,AL local neuron;ALLN;CB2471,CB2471,,gaba,0.336166302872166,,,CB2471
720575940626579593,7205759406265795932,CB2845_R,CB2845,R,AL_R,36,125,554,CB2845,CB2845,CB2845,,,AL local neuron;ALLN;CB2845,CB2845,,gaba,0.3145157106111577,,,CB2845
720575940623526985,7205759406235269852,v2LN47_R,v2LN47,R,AL_R,39,66,378,v2LN47,v2LN47,v2LN47,v2LN47,v2LN47,AL local neuron;ALLN;ALv2;left;serotonin;v2LN47,,v2LN47,glutamate,0.6456623026667049,,,v2LN47
720575940618911901,7205759406189119011,v2LN46a_L,v2LN46a,L,AL_L,43,135,656,v2LN46a,v2LN46,v2LN46,v2LN46,v2LN46,AL local neuron;ALLN;ALv2;glutamate;right;v2LN46;v2LN46a,v2LN46a,v2LN46,glutamate,0.6581381963421606,,,v2LN46
720575940629324791,7205759406293247912,CB1824_R,CB1824,R,AL_R,21,83,585,CB1824,CB1824,CB1824,,,AL local neuron;ALLN;CB1824,CB1824,,gaba,0.4929229636615432,,,CB1824
720575940627405052,7205759406274050521,v2LN34E_L,v2LN34E,L,AL_L,4,32,326,v2LN34E,v2LN34E,v2LN34E,v2LN34E,v2LN34E,AL local neuron;ALLN;ALv2;glutamate;left;v2LN34E,,v2LN34E,glutamate,0.3548337409191947,,,v2LN34E
720575940627405052,7205759406274050522,v2LN34E_R,v2LN34E,R,AL_R,10,59,582,v2LN34E,v2LN34E,v2LN34E,v2LN34E,v2LN34E,AL local neuron;ALLN;ALv2;glutamate;left;v2LN34E,,v2LN34E,glutamate,0.3548337409191947,,,v2LN34E
720575940604568521,7205759406045685212,lLN13_R,lLN13,R,AL_R,24,354,1567,lLN13,lLN13,lLN13,lLN13,lLN13,AL local neuron;ALLN;lLN13,,lLN13,gaba,0.5390336474688124,,,lLN13
720575940630723384,7205759406307233841,CB1473_L,CB1473,L,AL_L,30,279,1218,CB1473,CB1473,CB1473,,,AL local neuron;ALLN;CB1473,CB1473,,gaba,0.3916755291200077,,,CB1473
720575940621681321,7205759406216813212,CB3007_R,CB3007,R,AL_R,13,136,1031,CB3007,CB3007,CB3007,,,AL local neuron;ALLN;CB3007,CB3007,,gaba,0.4961583986577322,,,CB3007
720575940616892061,7205759406168920611,CB3007_L,CB3007,L,AL_L,11,223,1435,CB3007,CB3007,CB3007,,,AL local neuron;ALLN;CB3007,CB3007,,gaba,0.5778210138726858,,,CB3007
720575940632094415,7205759406320944151,CB3172_L,CB3172,L,AL_L,4,72,708,CB3172,CB3172,CB3172,,,AL local neuron;ALLN;ALv2;CB3172;right,CB3172,,glutamate,0.6795285788839709,,,CB3172
720575940632094415,7205759406320944152,CB3172_R,CB3172,R,AL_R,1,72,686,CB3172,CB3172,CB3172,,,AL local neuron;ALLN;ALv2;CB3172;right,CB3172,,glutamate,0.6795285788839709,,,CB3172
720575940624549820,7205759406245498201,CB1668_L,CB1668,L,AL_L,17,97,352,CB1668,CB1668,CB1668,,,AL local neuron;ALLN;ALv2;CB1668;glutamate;left,CB1668,,glutamate,0.5031653289306242,,,CB1668
720575940624549820,7205759406245498202,CB1668_R,CB1668,R,AL_R,59,176,585,CB1668,CB1668,CB1668,,,AL local neuron;ALLN;ALv2;CB1668;glutamate;left,CB1668,,glutamate,0.5031653289306242,,,CB1668
720575940638844504,7205759406388445042,CB2471_R,CB2471,R,AL_R,94,199,1027,CB2471,CB2471,CB2471,,,AL local neuron;ALLN;CB2471,CB2471,,gaba,0.4269771769954512,,,CB2471
720575940637845934,7205759406378459341,CB1013_L,CB1013,L,AL_L,22,78,573,CB1013,CB1013,CB1013,,,AL local neuron;ALLN;ALv2;CB1013;glutamate;right,CB1013,,glutamate,0.3902311720489352,,,CB1013
720575940637845934,7205759406378459342,CB1013_R,CB1013,R,AL_R,1,73,355,CB1013,CB1013,CB1013,,,AL local neuron;ALLN;ALv2;CB1013;glutamate;right,CB1013,,glutamate,0.3902311720489352,,,CB1013
720575940605305777,7205759406053057772,CB3202_R,CB3202,R,AL_R,61,458,1435,CB3202,CB3202,CB3202,,,AL local neuron;ALLN;CB3202,CB3202,,gaba,0.5002870071495064,,,CB3202
720575940631978956,7205759406319789562,CB2471_R,CB2471,R,AL_R,108,223,1139,CB2471,CB2471,CB2471,,,AL local neuron;ALLN;CB2471,CB2471,,gaba,0.4275286639088988,,,CB2471
720575940633286068,7205759406332860681,v2LN47_L,v2LN47,L,AL_L,71,103,450,v2LN47,v2LN47,v2LN47,v2LN47,v2LN47,AL local neuron;ALLN;ALv2;right;v2LN47,,v2LN47,glutamate,0.551704848872354,,,v2LN47
720575940633286068,7205759406332860682,v2LN47_R,v2LN47,R,AL_R,1,29,135,v2LN47,v2LN47,v2LN47,v2LN47,v2LN47,AL local neuron;ALLN;ALv2;right;v2LN47,,v2LN47,glutamate,0.551704848872354,,,v2LN47
720575940628326417,7205759406283264172,CB1546_R,CB1546,R,AL_R,90,508,2119,CB1546,CB1546,CB1546,,,AL local neuron;ALLN;CB1546,CB1546,,gaba,0.5397009253230851,,,CB1546
720575940629068741,7205759406290687411,v2LN46b_L,v2LN46b,L,AL_L,1,29,82,v2LN46b,v2LN46,v2LN46,v2LN46,v2LN46,AL local neuron;ALLN;ALv2;left;v2LN46;v2LN46b,v2LN46b,v2LN46,glutamate,0.574895603850015,,,v2LN46
720575940629068741,7205759406290687412,v2LN46b_R,v2LN46b,R,AL_R,99,111,596,v2LN46b,v2LN46,v2LN46,v2LN46,v2LN46,AL local neuron;ALLN;ALv2;left;v2LN46;v2LN46b,v2LN46b,v2LN46,glutamate,0.574895603850015,,,v2LN46
720575940613970147,7205759406139701471,v2LN46b_L,v2LN46b,L,AL_L,122,140,589,v2LN46b,v2LN46,v2LN46,v2LN46,v2LN46,AL local neuron;ALLN;ALv2;glutamate;right;v2LN46;v2LN46b,v2LN46b,v2LN46,glutamate,0.641844993045367,,,v2LN46
720575940613970147,7205759406139701472,v2LN46b_R,v2LN46b,R,AL_R,2,53,201,v2LN46b,v2LN46,v2LN46,v2LN46,v2LN46,AL local neuron;ALLN;ALv2;glutamate;right;v2LN46;v2LN46b,v2LN46b,v2LN46,glutamate,0.641844993045367,,,v2LN46
720575940626815826,7205759406268158262,v2LN42b_R,v2LN42b,R,AL_R,39,169,992,v2LN42b,v2LN42,v2LN42,v2LN42,v2LN42,AL local neuron;ALLN;ALv2;glutamate;left;v2LN42;v2LN42b,v2LN42b,v2LN42,glutamate,0.7312525830319284,,,v2LN42
720575940622961802,7205759406229618021,CB1132_L,CB1132,L,AL_L,29,454,1849,CB1132,CB1132,CB1132,,,AL local neuron;ALLN;CB1132,CB1132,,gaba,0.5503556103124586,,,CB1132
720575940629912428,7205759406299124281,CB3202_L,CB3202,L,AL_L,50,493,1482,CB3202,CB3202,CB3202,,,AL local neuron;ALLN;CB3202,CB3202,,gaba,0.6062797664615587,,,CB3202
720575940630080763,7205759406300807631,lLN13_L,lLN13,L,AL_L,4,431,1864,lLN13,lLN13,lLN13,lLN13,lLN13,AL local neuron;ALLN;lLN13,,lLN13,gaba,0.5841650638940303,,,lLN13
720575940634385247,7205759406343852472,CB3007_R,CB3007,R,AL_R,18,277,1326,CB3007,CB3007,CB3007,,,AL local neuron;ALLN;ALl1_dorsal;CB3007;left,CB3007,,gaba,0.5034891009600183,,,CB3007
720575940628573519,7205759406285735192,vLN25_R,vLN25,R,AL_R,978,515,3611,vLN25,vLN25,vLN25,vLN25,vLN25,vLN25,,vLN25,glutamate,0.5684355295241185,,,vLN25
720575940640020944,7205759406400209442,CB1546_R,CB1546,R,AL_R,29,548,1850,CB1546,CB1546,CB1546,,,AL local neuron;ALLN;CB1546,CB1546,,gaba,0.5556076463888863,,,CB1546
720575940624361230,7205759406243612301,v2LN42a_L,v2LN42a,L,AL_L,1,84,604,v2LN42a,v2LN42,v2LN42,v2LN42,v2LN42,AL local neuron;ALLN;ALv2;glutamate;left;v2LN42;v2LN42a,v2LN42a,v2LN42,glutamate,0.6343177918070451,,,v2LN42
720575940624361230,7205759406243612302,v2LN42a_R,v2LN42a,R,AL_R,25,109,837,v2LN42a,v2LN42,v2LN42,v2LN42,v2LN42,AL local neuron;ALLN;ALv2;glutamate;left;v2LN42;v2LN42a,v2LN42a,v2LN42,glutamate,0.6343177918070451,,,v2LN42
720575940629409580,7205759406294095801,CB3202_L,CB3202,L,AL_L,39,464,1472,CB3202,CB3202,CB3202,,,AL local neuron;ALLN;CB3202,CB3202,,gaba,0.5847149148363453,,,CB3202
720575940617544193,7205759406175441932,CB1686_R,CB1686,R,AL_R,73,456,1415,CB1686,CB1686,CB1686,,,AL local neuron;ALLN;CB1686,CB1686,,gaba,0.4747974075986745,,,CB1686
720575940624069012,7205759406240690122,CB2571_R,CB2571,R,AL_R,8,179,1550,CB2571,CB2571,CB2571,,,AL local neuron;ALLN;ALv2;CB2571;left,CB2571,,glutamate,0.5054719649820627,,,CB2571
720575940622626303,7205759406226263032,lLN9_R,lLN9,R,AL_R,22,98,355,lLN9,lLN9,lLN9,lLN9,lLN9,AL local neuron;ALLN;lLN9,,lLN9,acetylcholine,0.4209897620568873,,,lLN9
720575940621416572,7205759406214165721,lLN9_L,lLN9,L,AL_L,2,43,236,lLN9,lLN9,lLN9,lLN9,lLN9,AL local neuron;ALLN;lLN9,,lLN9,gaba,0.4418791768243684,,,lLN9
720575940621416572,7205759406214165722,lLN9_R,lLN9,R,AL_R,40,68,365,lLN9,lLN9,lLN9,lLN9,lLN9,AL local neuron;ALLN;lLN9,,lLN9,gaba,0.4418791768243684,,,lLN9
720575940625642517,7205759406256425172,v2LN42c_R,v2LN42c,R,AL_R,61,253,1438,v2LN42c,v2LN42,v2LN42,v2LN42,v2LN42,AL local neuron;ALLN;ALv2;glutamate;left;v2LN42;v2LN42c,v2LN42c,v2LN42,glutamate,0.6968017981899377,,,v2LN42
720575940606745266,7205759406067452661,CB1473_L,CB1473,L,AL_L,49,432,1448,CB1473,CB1473,CB1473,,,AL local neuron;ALLN;CB1473,CB1473,,gaba,0.4412975512084807,,,CB1473
720575940612305506,7205759406123055061,CB1686_L,CB1686,L,AL_L,59,371,1232,CB1686,CB1686,CB1686,,,AL local neuron;ALLN;CB1686,CB1686,,gaba,0.4274331217089215,,,CB1686
720575940643869988,7205759406438699881,CB2345_L,CB2345,L,AL_L,2,90,803,CB2345,CB2345,CB2345,,,AL local neuron;ALLN;ALv2;CB2345;right,CB2345,,glutamate,0.4731592253480289,,,CB2345
720575940638731427,7205759406387314272,lLN13_R,lLN13,R,AL_R,25,316,1638,lLN13,lLN13,lLN13,lLN13,lLN13,AL local neuron;ALLN;lLN13,,lLN13,gaba,0.497487481038343,,,lLN13
720575940617327590,7205759406173275902,CB3172_R,CB3172,R,AL_R,8,93,842,CB3172,CB3172,CB3172,,,AL local neuron;ALLN;ALv2;CB3172;left,CB3172,,glutamate,0.5934215227748284,,,CB3172
720575940607685700,7205759406076857001,CB2661_L,CB2661,L,AL_L,74,78,293,CB2661,CB2661,CB2661,,,AL local neuron;ALLN;ALv2;CB2661;glutamate;right,CB2661,,glutamate,0.5481848505586334,,,CB2661
720575940607685700,7205759406076857002,CB2661_R,CB2661,R,AL_R,11,71,380,CB2661,CB2661,CB2661,,,AL local neuron;ALLN;ALv2;CB2661;glutamate;right,CB2661,,glutamate,0.5481848505586334,,,CB2661
720575940605101758,7205759406051017581,CB1668_L,CB1668,L,AL_L,59,125,555,CB1668,CB1668,CB1668,,,AL local neuron;ALLN;ALv2;CB1668;glutamate;right,CB1668,,glutamate,0.4332517011015527,,,CB1668
720575940605101758,7205759406051017582,CB1668_R,CB1668,R,AL_R,18,83,391,CB1668,CB1668,CB1668,,,AL local neuron;ALLN;ALv2;CB1668;glutamate;right,CB1668,,glutamate,0.4332517011015527,,,CB1668
720575940623118519,7205759406231185191,v2LN47_L,v2LN47,L,AL_L,72,63,368,v2LN47,v2LN47,v2LN47,v2LN47,v2LN47,AL local neuron;ALLN;ALv2;right;v2LN47,,v2LN47,glutamate,0.7165759856997339,,,v2LN47
720575940633277364,7205759406332773641,CB2527_L,CB2527,L,AL_L,33,72,1047,CB2527,CB2527,CB2527,,,AL local neuron;ALLN;ALv2;CB2527;right,CB2527,,glutamate,0.3495510295315,,,CB2527
720575940633277364,7205759406332773642,CB2527_R,CB2527,R,AL_R,5,47,477,CB2527,CB2527,CB2527,,,AL local neuron;ALLN;ALv2;CB2527;right,CB2527,,glutamate,0.3495510295315,,,CB2527
720575940635180956,7205759406351809562,v2LN34E_R,v2LN34E,R,AL_R,4,80,720,v2LN34E,v2LN34E,v2LN34E,v2LN34E,v2LN34E,AL local neuron;ALLN;ALv2;glutamate;left;v2LN34E,,v2LN34E,glutamate,0.7713847442260361,,,v2LN34E
720575940627014641,7205759406270146411,lLN9_L,lLN9,L,AL_L,40,116,596,lLN9,lLN9,lLN9,lLN9,lLN9,AL local neuron;ALLN;lLN9,,lLN9,acetylcholine,0.3797315732469351,,,lLN9
720575940614871336,7205759406148713361,CB2504_L,CB2504,L,AL_L,57,85,452,CB2504,CB2504,CB2504,,,AL local neuron;ALLN;CB2504,CB2504,,gaba,0.4216813878367966,,,CB2504
720575940614871336,7205759406148713362,CB2504_R,CB2504,R,AL_R,2,63,196,CB2504,CB2504,CB2504,,,AL local neuron;ALLN;CB2504,CB2504,,gaba,0.4216813878367966,,,CB2504
720575940604008160,7205759406040081602,CB1686_R,CB1686,R,AL_R,49,435,1377,CB1686,CB1686,CB1686,,,AL local neuron;ALLN;CB1686,CB1686,,gaba,0.5018128082111661,,,CB1686
720575940635689829,7205759406356898292,CB2504_R,CB2504,R,AL_R,38,123,751,CB2504,CB2504,CB2504,,,AL local neuron;ALLN;CB2504,CB2504,,glutamate,0.3506331527883192,,,CB2504
720575940641592795,7205759406415927951,lLN2X06_L,lLN2X06,L,AL_L,550,746,6185,lLN2X06,lLN2X06,lLN2X06,,,AL local neuron;ALLN;ALl1_dorsal;lLN2X06;right,lLN2X06,,acetylcholine,0.3724291887455628,,,lLN2X06
720575940644743790,7205759406447437901,CB3417_L,CB3417,L,AL_L,2,25,293,CB3417,CB3417,CB3417,,,AL local neuron;ALLN;ALv2;CB3417;glutamate;left,CB3417,,glutamate,0.5245717323755822,,,CB3417
720575940621343838,7205759406213438382,CB1132_R,CB1132,R,AL_R,22,403,1731,CB1132,CB1132,CB1132,,,AL local neuron;ALLN;CB1132,CB1132,,gaba,0.5166212030361972,,,CB1132
720575940628933275,7205759406289332752,CB2345_R,CB2345,R,AL_R,1,84,854,CB2345,CB2345,CB2345,,,AL local neuron;ALLN;ALv2;CB2345;glutamate;left,CB2345,,glutamate,0.6568764383324928,,,CB2345
720575940634364311,7205759406343643112,CB3202_R,CB3202,R,AL_R,66,362,1251,CB3202,CB3202,CB3202,,,AL local neuron;ALLN;CB3202,CB3202,,gaba,0.5375706132204726,,,CB3202
720575940620311718,7205759406203117181,v2LN46b_L,v2LN46b,L,AL_L,177,111,639,v2LN46b,v2LN46,v2LN46,v2LN46,v2LN46,AL local neuron;ALLN;ALv2;glutamate;right;v2LN46;v2LN46b,v2LN46b,v2LN46,glutamate,0.6151015376685555,,,v2LN46
720575940623183763,7205759406231837631,CB3007_L,CB3007,L,AL_L,15,144,1077,CB3007,CB3007,CB3007,,,AL local neuron;ALLN;CB3007,CB3007,,gaba,0.5550261261366415,,,CB3007
720575940627173636,7205759406271736361,lLN9_L,lLN9,L,AL_L,49,282,1424,lLN9,lLN9,lLN9,lLN9,lLN9,AL local neuron;ALLN;lLN9,,lLN9,gaba,0.3939307235328132,,,lLN9
720575940621470028,7205759406214700281,v2LN42a_L,v2LN42a,L,AL_L,35,136,938,v2LN42a,v2LN42,v2LN42,v2LN42,v2LN42,AL local neuron;ALLN;ALv2;glutamate;right;v2LN42;v2LN42a,v2LN42a,v2LN42,glutamate,0.6901239848336582,,,v2LN42
720575940638664014,7205759406386640142,CB3326_R,CB3326,R,AL_R,38,144,1071,CB3326,CB3326,CB3326,,,AL local neuron;ALLN;ALv2;CB3326;glutamate;left,CB3326,,glutamate,0.4297506841505256,,,CB3326
720575940614858399,7205759406148583992,CB1686_R,CB1686,R,AL_R,39,444,1637,CB1686,CB1686,CB1686,,,AL local neuron;ALLN;CB1686,CB1686,,gaba,0.4423722405530293,,,CB1686
720575940612042981,7205759406120429811,lLN9_L,lLN9,L,AL_L,1,30,120,lLN9,lLN9,lLN9,lLN9,lLN9,AL local neuron;ALLN;lLN9,,lLN9,acetylcholine,0.3980788169508238,,,lLN9
720575940612042981,7205759406120429812,lLN9_R,lLN9,R,AL_R,42,221,1000,lLN9,lLN9,lLN9,lLN9,lLN9,AL local neuron;ALLN;lLN9,,lLN9,acetylcholine,0.3980788169508238,,,lLN9
720575940616642790,7205759406166427901,lLN13_L,lLN13,L,AL_L,19,338,1627,lLN13,lLN13,lLN13,lLN13,lLN13,AL local neuron;ALLN;lLN13,,lLN13,gaba,0.5985307141341524,,,lLN13
720575940637183454,7205759406371834542,CB1686_R,CB1686,R,AL_R,67,333,1428,CB1686,CB1686,CB1686,,,AL local neuron;ALLN;CB1686,CB1686,,acetylcholine,0.4039666229549488,,,CB1686
720575940625956483,7205759406259564831,CB2571_L,CB2571,L,AL_L,12,65,834,CB2571,CB2571,CB2571,,,AL local neuron;ALLN;ALv2;CB2571;gaba;right,CB2571,,acetylcholine,0.3058047557084951,,,CB2571
720575940631591199,7205759406315911991,v2LN34E_L,v2LN34E,L,AL_L,1,129,874,v2LN34E,v2LN34E,v2LN34E,v2LN34E,v2LN34E,AL local neuron;ALLN;ALv2;right;v2LN34E,,v2LN34E,glutamate,0.7131649175775224,,,v2LN34E
720575940610426578,7205759406104265782,CB1473_R,CB1473,R,AL_R,72,414,1501,CB1473,CB1473,CB1473,,,AL local neuron;ALLN;CB1473,CB1473,,acetylcholine,0.4121380374666256,,,CB1473
720575940611944914,7205759406119449141,lLN2P_a_L,lLN2P_a,L,AL_L,995,873,6252,lLN2P_a,lLN2P_a,lLN2P,lLN2P_a,lLN2P,AL local neuron;ALLN;lLN2P_a,,lLN2P_a,glutamate,0.4021345700120993,,,lLN2P
720575940652063734,7205759406520637342,CB1673_R,CB1673,R,AL_R,12,71,1555,CB1673,CB1673,CB1673,,,AL local neuron;ALLN;ALv2;CB1673;glutamate;left,CB1673,,glutamate,0.4051721969531863,,,CB1673
720575940614618683,7205759406146186831,v2LN34E_L,v2LN34E,L,AL_L,3,126,1026,v2LN34E,v2LN34E,v2LN34E,v2LN34E,v2LN34E,AL local neuron;ALLN;ALv2;glutamate;right;v2LN34E,,v2LN34E,glutamate,0.3594553148938192,,,v2LN34E
720575940614618683,7205759406146186832,v2LN34E_R,v2LN34E,R,AL_R,2,30,245,v2LN34E,v2LN34E,v2LN34E,v2LN34E,v2LN34E,AL local neuron;ALLN;ALv2;glutamate;right;v2LN34E,,v2LN34E,glutamate,0.3594553148938192,,,v2LN34E
720575940635847269,7205759406358472691,lLN9_L,lLN9,L,AL_L,5,26,138,lLN9,lLN9,lLN9,lLN9,lLN9,AL local neuron;ALLN;lLN9,,lLN9,gaba,0.4221583265615568,,,lLN9
720575940635847269,7205759406358472692,lLN9_R,lLN9,R,AL_R,29,224,833,lLN9,lLN9,lLN9,lLN9,lLN9,AL local neuron;ALLN;lLN9,,lLN9,gaba,0.4221583265615568,,,lLN9
720575940611379569,7205759406113795691,lLN2T_b_L,lLN2T_b,L,AL_L,8066,2890,17687,lLN2T_b,lLN2T_b,lLN2T,lLN2T_b,lLN2T,AL local neuron;ALLN;lLN2T_b,,lLN2T_b,serotonin,0.3445015300317486,acetylcholine,"Shang et al., 2007",lLN2T
720575940611098595,7205759406110985951,v2LN34E_L,v2LN34E,L,AL_L,4,74,860,v2LN34E,v2LN34E,v2LN34E,v2LN34E,v2LN34E,AL local neuron;ALLN;ALv2;glutamate;right;v2LN34E,,v2LN34E,glutamate,0.5665452827732085,,,v2LN34E
720575940634127456,7205759406341274561,v2LN34E_L,v2LN34E,L,AL_L,1,21,290,v2LN34E,v2LN34E,v2LN34E,v2LN34E,v2LN34E,AL local neuron;ALLN;ALv2;glutamate;left;v2LN34E,,v2LN34E,glutamate,0.4357502944787883,,,v2LN34E
720575940634127456,7205759406341274562,v2LN34E_R,v2LN34E,R,AL_R,7,104,1074,v2LN34E,v2LN34E,v2LN34E,v2LN34E,v2LN34E,AL local neuron;ALLN;ALv2;glutamate;left;v2LN34E,,v2LN34E,glutamate,0.4357502944787883,,,v2LN34E
720575940620234177,7205759406202341771,CB1673_L,CB1673,L,AL_L,11,82,1668,CB1673,CB1673,CB1673,,,AL local neuron;ALLN;ALv2;CB1673;right,CB1673,,glutamate,0.4339406369452409,,,CB1673
720575940629508652,7205759406295086521,CB3575_L,CB3575,L,AL_L,7,168,1412,CB3575,CB3575,CB3575,,,AL local neuron;ALLN;ALv2;CB3575;right,CB3575,,acetylcholine,0.3581267778801763,,,CB3575
720575940629508652,7205759406295086522,CB3575_R,CB3575,R,AL_R,2,37,226,CB3575,CB3575,CB3575,,,AL local neuron;ALLN;ALv2;CB3575;right,CB3575,,acetylcholine,0.3581267778801763,,,CB3575
720575940640559165,7205759406405591651,CB1673_L,CB1673,L,AL_L,13,44,1485,CB1673,CB1673,CB1673,,,AL local neuron;ALLN;ALv2;CB1673;right,CB1673,,glutamate,0.4427729376193665,,,CB1673
720575940627132232,7205759406271322321,CB2571_L,CB2571,L,AL_L,36,168,1704,CB2571,CB2571,CB2571,,,AL local neuron;ALLN;ALv2;CB2571;acetylcholine;right,CB2571,,acetylcholine,0.3832279344266574,,,CB2571
720575940627132232,7205759406271322322,CB2571_R,CB2571,R,AL_R,4,36,334,CB2571,CB2571,CB2571,,,AL local neuron;ALLN;ALv2;CB2571;acetylcholine;right,CB2571,,acetylcholine,0.3832279344266574,,,CB2571
720575940639067108,7205759406390671081,v2LN3A1_b_L,v2LN3A1_b,L,AL_L,310,234,2086,v2LN3A1_b,v2LN3A,v2LN3A,v2LN3A,v2LN3A,AL local neuron;ALLN;ALv2;glutamate;right;v2LN3A;v2LN3A1_b,v2LN3A1_b,v2LN3A,glutamate,0.3098578084458543,,,v2LN3a
720575940639067108,7205759406390671082,v2LN3A1_b_R,v2LN3A1_b,R,AL_R,5,40,300,v2LN3A1_b,v2LN3A,v2LN3A,v2LN3A,v2LN3A,AL local neuron;ALLN;ALv2;glutamate;right;v2LN3A;v2LN3A1_b,v2LN3A1_b,v2LN3A,glutamate,0.3098578084458543,,,v2LN3a
720575940633156203,7205759406331562031,CB2527_L,CB2527,L,AL_L,3,30,477,CB2527,CB2527,CB2527,,,AL local neuron;ALLN;ALv2;CB2527;left,CB2527,,glutamate,0.3670917871822754,,,CB2527
720575940633156203,7205759406331562032,CB2527_R,CB2527,R,AL_R,18,70,1047,CB2527,CB2527,CB2527,,,AL local neuron;ALLN;ALv2;CB2527;left,CB2527,,glutamate,0.3670917871822754,,,CB2527
720575940626876945,7205759406268769451,CB2569_L,CB2569,L,AL_L,18,123,654,CB2569,CB2569,CB2569,,,AL local neuron;ALLN;ALv2;CB2569;left,CB2569,,acetylcholine,0.3591632694720943,,,CB2569
720575940626876945,7205759406268769452,CB2569_R,CB2569,R,AL_R,74,137,688,CB2569,CB2569,CB2569,,,AL local neuron;ALLN;ALv2;CB2569;left,CB2569,,acetylcholine,0.3591632694720943,,,CB2569
720575940618552443,7205759406185524431,CB3417_L,CB3417,L,AL_L,2,36,256,CB3417,CB3417,CB3417,,,AL local neuron;ALLN;ALv2;CB3417;glutamate;left,CB3417,,glutamate,0.4423601927633836,,,CB3417
720575940618552443,7205759406185524432,CB3417_R,CB3417,R,AL_R,12,221,1779,CB3417,CB3417,CB3417,,,AL local neuron;ALLN;ALv2;CB3417;glutamate;left,CB3417,,glutamate,0.4423601927633836,,,CB3417
720575940622224836,7205759406222248361,CB1668_L,CB1668,L,AL_L,82,272,885,CB1668,CB1668,CB1668,,,AL local neuron;ALLN;ALv2;CB1668;glutamate;right,CB1668,,glutamate,0.4427756134965082,,,CB1668
720575940622224836,7205759406222248362,CB1668_R,CB1668,R,AL_R,28,74,381,CB1668,CB1668,CB1668,,,AL local neuron;ALLN;ALv2;CB1668;glutamate;right,CB1668,,glutamate,0.4427756134965082,,,CB1668
720575940619937445,7205759406199374452,CB3575_R,CB3575,R,AL_R,5,207,1504,CB3575,CB3575,CB3575,,,AL local neuron;ALLN;ALv2;CB3575;left,CB3575,,glutamate,0.4379157175119973,,,CB3575
720575940627369960,7205759406273699601,v2LN49_L,v2LN49,L,AL_L,2,325,1329,v2LN49,v2LN49,v2LN49,v2LN49,v2LN49,AL local neuron;ALLN;ALv2;right;v2LN49,,v2LN49,glutamate,0.4364345647062697,,,v2LN49
720575940612475598,7205759406124755981,lLN2P_a_L,lLN2P_a,L,AL_L,734,918,6245,lLN2P_a,lLN2P_a,lLN2P,lLN2P_a,lLN2P,AL local neuron;ALLN;ALl1_dorsal;glutamate;lLN2P_a;right,,lLN2P_a,glutamate,0.3318781443620341,,,lLN2P
720575940652562081,7205759406525620811,v2LN39a_L,v2LN39a,L,AL_L,6,403,2222,v2LN39a,v2LN39a,v2LN39a,,,AL local neuron;ALLN;ALv2;right;v2LN39a,v2LN39a,,glutamate,0.5593485968523154,,,v2LN39a
720575940606705073,7205759406067050731,CB3633_L,CB3633,L,AL_L,112,64,1569,CB3633,CB3633,CB3633,,,AL local neuron;ALLN;ALv2;CB3633;acetylcholine;right,CB3633,,acetylcholine,0.3546095756892704,,,CB3633
720575940606705073,7205759406067050732,CB3633_R,CB3633,R,AL_R,3,33,487,CB3633,CB3633,CB3633,,,AL local neuron;ALLN;ALv2;CB3633;acetylcholine;right,CB3633,,acetylcholine,0.3546095756892704,,,CB3633
720575940625958414,7205759406259584141,v2LN3A1_a_L,v2LN3A1_a,L,AL_L,179,99,1815,v2LN3A1_a,v2LN3A,v2LN3A,v2LN3A,v2LN3A,AL local neuron;ALLN;ALv2;right;v2LN3A;v2LN3A1_a,v2LN3A1_a,v2LN3A,acetylcholine,0.348037456234462,,,v2LN3a
720575940625958414,7205759406259584142,v2LN3A1_a_R,v2LN3A1_a,R,AL_R,1,41,397,v2LN3A1_a,v2LN3A,v2LN3A,v2LN3A,v2LN3A,AL local neuron;ALLN;ALv2;right;v2LN3A;v2LN3A1_a,v2LN3A1_a,v2LN3A,acetylcholine,0.348037456234462,,,v2LN3a
720575940612049459,7205759406120494592,CB2527_R,CB2527,R,AL_R,13,66,994,CB2527,CB2527,CB2527,,,AL local neuron;ALLN;ALv2;CB2527;glutamate;left,CB2527,,glutamate,0.4823242011903956,,,CB2527
720575940638853454,7205759406388534541,v2LN42c_L,v2LN42c,L,AL_L,88,188,1439,v2LN42c,v2LN42,v2LN42,v2LN42,v2LN42,AL local neuron;ALLN;ALv2;glutamate;right;v2LN42;v2LN42c,v2LN42c,v2LN42,glutamate,0.6265472480015832,,,v2LN42
720575940645372964,7205759406453729641,CB3417_L,CB3417,L,AL_L,4,48,441,CB3417,CB3417,CB3417,,,AL local neuron;ALLN;ALv2;CB3417;left,CB3417,,glutamate,0.3967006810661483,,,CB3417
720575940645372964,7205759406453729642,CB3417_R,CB3417,R,AL_R,15,231,2133,CB3417,CB3417,CB3417,,,AL local neuron;ALLN;ALv2;CB3417;left,CB3417,,glutamate,0.3967006810661483,,,CB3417
720575940638422480,7205759406384224801,CB2569_L,CB2569,L,AL_L,147,201,750,CB2569,CB2569,CB2569,,,AL local neuron;ALLN;ALv2;CB2569;right,CB2569,,acetylcholine,0.4243386640576025,,,CB2569
720575940638422480,7205759406384224802,CB2569_R,CB2569,R,AL_R,33,111,701,CB2569,CB2569,CB2569,,,AL local neuron;ALLN;ALv2;CB2569;right,CB2569,,acetylcholine,0.4243386640576025,,,CB2569
720575940627031226,7205759406270312261,CB3633_L,CB3633,L,AL_L,108,43,1786,CB3633,CB3633,CB3633,,,AL local neuron;ALLN;ALv2;CB3633;right,CB3633,,glutamate,0.3967287887010884,,,CB3633
720575940623955637,7205759406239556372,lLN2P_b_R,lLN2P_b,R,AL_R,902,1183,8789,lLN2P_b,lLN2P_b,lLN2P,lLN2P_b,lLN2P,AL local neuron;ALLN;ALl1_dorsal;lLN2P_b;left,,lLN2P_b,gaba,0.3069589790343355,"gaba, myoinhibitory peptide","Sizemore et al., 2023",lLN2P
720575940624180479,7205759406241804791,v2LN3A1_b_L,v2LN3A1_b,L,AL_L,2,59,397,v2LN3A1_b,v2LN3A,v2LN3A,v2LN3A,v2LN3A,AL local neuron;ALLN;ALv2;glutamate;left;v2LN3A;v2LN3A1_b,v2LN3A1_b,v2LN3A,glutamate,0.3120967719914934,,,v2LN3a
720575940624180479,7205759406241804792,v2LN3A1_b_R,v2LN3A1_b,R,AL_R,261,147,2143,v2LN3A1_b,v2LN3A,v2LN3A,v2LN3A,v2LN3A,AL local neuron;ALLN;ALv2;glutamate;left;v2LN3A;v2LN3A1_b,v2LN3A1_b,v2LN3A,glutamate,0.3120967719914934,,,v2LN3a
720575940635092122,7205759406350921222,l2LN19_R,l2LN19,R,AL_R,109,627,2645,l2LN19,l2LN19,l2LN19,l2LN19,l2LN19,AL local neuron;ALLN;l2LN19,,l2LN19,gaba,0.5988377366504405,,,l2LN19
720575940610680274,7205759406106802741,CB2527_L,CB2527,L,AL_L,9,153,1271,CB2527,CB2527,CB2527,,,AL local neuron;ALLN;ALv2;CB2527;glutamate;right,CB2527,,glutamate,0.5027632904877367,,,CB2527
720575940649154681,7205759406491546812,CB3679_R,CB3679,R,AL_R,195,606,2151,CB3679,CB3679,CB3679,,,AL local neuron;ALLN;CB3679,CB3679,,acetylcholine,0.5267344938135674,,,CB3679
720575940634809455,7205759406348094552,v2LN33_R,v2LN33,R,AL_R,39,281,2026,v2LN33,v2LN33,v2LN33,v2LN33,v2LN33,AL local neuron;ALLN;ALv2;left;v2LN33,,v2LN33,glutamate,0.5450247216030129,,,v2LN33
720575940622812799,7205759406228127991,CB3679_L,CB3679,L,AL_L,117,337,1502,CB3679,CB3679,CB3679,,,AL local neuron;ALLN;ALl1_dorsal;CB3679;right,CB3679,,acetylcholine,0.5355425488209029,,,CB3679
720575940639878589,7205759406398785891,CB3417_L,CB3417,L,AL_L,6,237,1937,CB3417,CB3417,CB3417,,,AL local neuron;ALLN;ALv2;CB3417;glutamate;right,CB3417,,glutamate,0.3832195410167667,,,CB3417
720575940639878589,7205759406398785892,CB3417_R,CB3417,R,AL_R,3,26,300,CB3417,CB3417,CB3417,,,AL local neuron;ALLN;ALv2;CB3417;glutamate;right,CB3417,,glutamate,0.3832195410167667,,,CB3417
720575940627768409,7205759406277684091,lLN8_L,lLN8,L,AL_L,98,519,2070,lLN8,lLN8,lLN8,lLN8,lLN8,AL local neuron;ALLN;lLN8,,lLN8,gaba,0.7717654274527597,,,lLN8
720575940627768409,7205759406277684092,lLN8_R,lLN8,R,AL_R,215,412,1668,lLN8,lLN8,lLN8,lLN8,lLN8,AL local neuron;ALLN;lLN8,,lLN8,gaba,0.7717654274527597,,,lLN8
720575940625013175,7205759406250131751,v2LN3A1_b_L,v2LN3A1_b,L,AL_L,391,182,2150,v2LN3A1_b,v2LN3A,v2LN3A,v2LN3A,v2LN3A,AL local neuron;ALLN;ALv2;glutamate;right;v2LN3A;v2LN3A1_b,v2LN3A1_b,v2LN3A,glutamate,0.3062012936248152,,,v2LN3a
720575940625013175,7205759406250131752,v2LN3A1_b_R,v2LN3A1_b,R,AL_R,5,43,421,v2LN3A1_b,v2LN3A,v2LN3A,v2LN3A,v2LN3A,AL local neuron;ALLN;ALv2;glutamate;right;v2LN3A;v2LN3A1_b,v2LN3A1_b,v2LN3A,glutamate,0.3062012936248152,,,v2LN3a
720575940628330885,7205759406283308851,CB3417_L,CB3417,L,AL_L,7,217,1802,CB3417,CB3417,CB3417,,,AL local neuron;ALLN;CB3417,CB3417,,glutamate,0.445727769096576,,,CB3417
720575940617249949,7205759406172499491,l2LN19_L,l2LN19,L,AL_L,171,704,3087,l2LN19,l2LN19,l2LN19,l2LN19,l2LN19,AL local neuron;ALLN;ALl1_ventral;l2LN19;right,,l2LN19,gaba,0.5911075775991014,,,l2LN19
720575940631858373,7205759406318583731,CB3417_L,CB3417,L,AL_L,2,68,521,CB3417,CB3417,CB3417,,,AL local neuron;ALLN;ALv2;CB3417;glutamate;left,CB3417,,glutamate,0.4108236029768812,,,CB3417
720575940631858373,7205759406318583732,CB3417_R,CB3417,R,AL_R,96,296,3086,CB3417,CB3417,CB3417,,,AL local neuron;ALLN;ALv2;CB3417;glutamate;left,CB3417,,glutamate,0.4108236029768812,,,CB3417
720575940634657431,7205759406346574311,l2LN19_L,l2LN19,L,AL_L,152,775,3243,l2LN19,l2LN19,l2LN19,l2LN19,l2LN19,AL local neuron;ALLN;ALl1_ventral;l2LN19;right,,l2LN19,gaba,0.6200330027313646,,,l2LN19
720575940612732273,7205759406127322731,v2LN33_L,v2LN33,L,AL_L,275,365,2673,v2LN33,v2LN33,v2LN33,v2LN33,v2LN33,AL local neuron;ALLN;ALv2;right;v2LN33,,v2LN33,glutamate,0.4337318799821715,,,v2LN33
720575940617295901,7205759406172959011,v2LN5_L,v2LN5,L,AL_L,112,195,1026,v2LN5,v2LN5,v2LN5,v2LN5,v2LN5,AL local neuron;ALLN;ALv2;glutamate;left;v2LN5,,v2LN5,glutamate,0.4980136296252686,,,v2LN5
720575940617295901,7205759406172959012,v2LN5_R,v2LN5,R,AL_R,1218,687,3770,v2LN5,v2LN5,v2LN5,v2LN5,v2LN5,AL local neuron;ALLN;ALv2;glutamate;left;v2LN5,,v2LN5,glutamate,0.4980136296252686,,,v2LN5
720575940659429761,7205759406594297611,v2LN33_L,v2LN33,L,AL_L,129,275,1948,v2LN33,v2LN33,v2LN33,v2LN33,v2LN33,AL local neuron;ALLN;ALv2;right;v2LN33,,v2LN33,glutamate,0.6058189703461808,,,v2LN33
720575940635934143,7205759406359341431,CB1676_L,CB1676,L,AL_L,10,43,586,CB1676,CB1676,CB1676,,,AL local neuron;ALLN;ALv2;CB1676;glutamate;left,CB1676,,glutamate,0.3595688331563304,,,CB1676
720575940635934143,7205759406359341432,CB1676_R,CB1676,R,AL_R,214,213,2726,CB1676,CB1676,CB1676,,,AL local neuron;ALLN;ALv2;CB1676;glutamate;left,CB1676,,glutamate,0.3595688331563304,,,CB1676
720575940630571052,7205759406305710521,lLN1_bc_L,lLN1_bc,L,AL_L,123,2000,9428,lLN1_bc,lLN1_b,lLN1,lLN1_b;lLN1_c,lLN1,AL local neuron;ALLN;ALl1_dorsal;lLN1_b;lLN1_bc;lLN1_c;right,lLN1_bc,"lLN1_b,lLN1_c",serotonin,0.2730932915186287,,,lLN1
720575940627014949,7205759406270149491,l2LN23_L,l2LN23,L,AL_L,434,429,3624,l2LN23,l2LN23,l2LN23,l2LN23,l2LN23,AL local neuron;ALLN;l2LN23,,l2LN23,gaba,0.4370794702898478,,,l2LN23
720575940621441494,7205759406214414942,v2LN33_R,v2LN33,R,AL_R,187,474,3005,v2LN33,v2LN33,v2LN33,v2LN33,v2LN33,AL local neuron;ALLN;ALv2;left;v2LN33,,v2LN33,glutamate,0.4582532674988087,,,v2LN33
720575940618458513,7205759406184585131,v2LN3A1_b_L,v2LN3A1_b,L,AL_L,1,14,252,v2LN3A1_b,v2LN3A,v2LN3A,v2LN3A,v2LN3A,AL local neuron;ALLN;ALv2;left;v2LN3A;v2LN3A1_b,v2LN3A1_b,v2LN3A,acetylcholine,0.3773745427701444,,,v2LN3a
720575940618458513,7205759406184585132,v2LN3A1_b_R,v2LN3A1_b,R,AL_R,409,230,3707,v2LN3A1_b,v2LN3A,v2LN3A,v2LN3A,v2LN3A,AL local neuron;ALLN;ALv2;left;v2LN3A;v2LN3A1_b,v2LN3A1_b,v2LN3A,acetylcholine,0.3773745427701444,,,v2LN3a
720575940617021234,7205759406170212341,CB3417_L,CB3417,L,AL_L,63,286,2971,CB3417,CB3417,CB3417,,,AL local neuron;ALLN;ALv2;CB3417;glutamate;right,CB3417,,glutamate,0.3898986812823636,,,CB3417
720575940617021234,7205759406170212342,CB3417_R,CB3417,R,AL_R,1,50,465,CB3417,CB3417,CB3417,,,AL local neuron;ALLN;ALv2;CB3417;glutamate;right,CB3417,,glutamate,0.3898986812823636,,,CB3417
720575940630592031,7205759406305920312,l2LN23_R,l2LN23,R,AL_R,293,381,3576,l2LN23,l2LN23,l2LN23,l2LN23,l2LN23,AL local neuron;ALLN;l2LN23,,l2LN23,acetylcholine,0.4762996535888372,,,l2LN23
720575940630323303,7205759406303233032,vLN28_vLN29_R,vLN28_vLN29,R,AL_R,428,347,2286,"vLN28,vLN29",vLN28,vLN28;vLN29,vLN28;vLN29,vLN28;vLN29,AL local neuron;ALLN;vLN28;vLN29,,"vLN28,vLN29",glutamate,0.5908586851430547,,,vLN28;vLN29
720575940627605779,7205759406276057791,lLN2P_b_L,lLN2P_b,L,AL_L,770,1067,6906,lLN2P_b,lLN2P_b,lLN2P,lLN2P_b,lLN2P,AL local neuron;ALLN;ALl1_dorsal;lLN2P_b;right,,lLN2P_b,gaba,0.3555067880463125,"gaba, myoinhibitory peptide","Sizemore et al., 2023",lLN2P
720575940627214235,7205759406272142352,l2LN23_R,l2LN23,R,AL_R,268,381,3575,l2LN23,l2LN23,l2LN23,l2LN23,l2LN23,AL local neuron;ALLN;l2LN23,,l2LN23,acetylcholine,0.5030280614376971,,,l2LN23
720575940621500865,7205759406215008652,lLN2P_a_R,lLN2P_a,R,AL_R,681,855,5537,lLN2P_a,lLN2P_a,lLN2P,lLN2P_a,lLN2P,AL local neuron;ALLN;lLN2P_a,,lLN2P_a,glutamate,0.3062984824297865,,,lLN2P
720575940613222835,7205759406132228351,v2LN3A1_b_L,v2LN3A1_b,L,AL_L,351,213,3012,v2LN3A1_b,v2LN3A,v2LN3A,v2LN3A,v2LN3A,AL local neuron;ALLN;ALv2;acetylcholine;right;v2LN3A;v2LN3A1_b,v2LN3A1_b,v2LN3A,acetylcholine,0.3280307835321894,,,v2LN3a
720575940613222835,7205759406132228352,v2LN3A1_b_R,v2LN3A1_b,R,AL_R,3,6,148,v2LN3A1_b,v2LN3A,v2LN3A,v2LN3A,v2LN3A,AL local neuron;ALLN;ALv2;acetylcholine;right;v2LN3A;v2LN3A1_b,v2LN3A1_b,v2LN3A,acetylcholine,0.3280307835321894,,,v2LN3a
720575940630077558,7205759406300775581,vLN28_vLN29_L,vLN28_vLN29,L,AL_L,564,321,2261,"vLN28,vLN29",vLN28,vLN28;vLN29,vLN28;vLN29,vLN28;vLN29,AL local neuron;ALLN;vLN28;vLN29,,"vLN28,vLN29",glutamate,0.5607796117480487,,,vLN28;vLN29
720575940631566700,7205759406315667001,v2LN3A1_b_L,v2LN3A1_b,L,AL_L,446,243,4193,v2LN3A1_b,v2LN3A,v2LN3A,v2LN3A,v2LN3A,AL local neuron;ALLN;ALv2;acetylcholine;right;v2LN3A;v2LN3A1_b,v2LN3A1_b,v2LN3A,acetylcholine,0.3835952771867805,,,v2LN3a
720575940631566700,7205759406315667002,v2LN3A1_b_R,v2LN3A1_b,R,AL_R,1,9,173,v2LN3A1_b,v2LN3A,v2LN3A,v2LN3A,v2LN3A,AL local neuron;ALLN;ALv2;acetylcholine;right;v2LN3A;v2LN3A1_b,v2LN3A1_b,v2LN3A,acetylcholine,0.3835952771867805,,,v2LN3a
720575940605758142,7205759406057581422,lLN2F_a_R,lLN2F_a,R,AL_R,4814,1729,19490,lLN2F_a,lLN2F_a,lLN2F,lLN2F_a,lLN2F,AL local neuron;ALLN;ALl1_dorsal;lLN2F_a;left,,lLN2F_a,gaba,0.3576820098500197,,,lLN2F
720575940610157688,7205759406101576881,lLN10_L,lLN10,L,AL_L,162,1051,6588,lLN10,lLN10,lLN10,lLN10,lLN10,AL local neuron;ALLN;lLN10,,lLN10,gaba,0.5567391221127271,,,lLN10
720575940617175965,7205759406171759651,v2LN5_L,v2LN5,L,AL_L,1607,929,4606,v2LN5,v2LN5,v2LN5,v2LN5,v2LN5,AL local neuron;ALLN;v2LN5,,v2LN5,glutamate,0.4221728850934249,,,v2LN5
720575940617175965,7205759406171759652,v2LN5_R,v2LN5,R,AL_R,84,128,816,v2LN5,v2LN5,v2LN5,v2LN5,v2LN5,AL local neuron;ALLN;v2LN5,,v2LN5,glutamate,0.4221728850934249,,,v2LN5
720575940614944977,7205759406149449771,lLN2P_b_L,lLN2P_b,L,AL_L,943,1137,7482,lLN2P_b,lLN2P_b,lLN2P,lLN2P_b,lLN2P,AL local neuron;ALLN;lLN2P_b,,lLN2P_b,gaba,0.3378278628524897,"gaba, myoinhibitory peptide","Sizemore et al., 2023",lLN2P
720575940615303391,7205759406153033911,lLN2X09_L,lLN2X09,L,AL_L,286,848,4183,lLN2X09,lLN2X09,lLN2X09,,,AL local neuron;ALLN;ALl1_dorsal;acetylcholine;lLN2X09;right,lLN2X09,,acetylcholine,0.4906299668297531,,,lLN2X09
720575940622038182,7205759406220381821,CB1676_L,CB1676,L,AL_L,197,288,3521,CB1676,CB1676,CB1676,,,AL local neuron;ALLN;ALv2;CB1676;acetylcholine;right,CB1676,,acetylcholine,0.3816267054631669,,,CB1676
720575940622038182,7205759406220381822,CB1676_R,CB1676,R,AL_R,1,9,369,CB1676,CB1676,CB1676,,,AL local neuron;ALLN;ALv2;CB1676;acetylcholine;right,CB1676,,acetylcholine,0.3816267054631669,,,CB1676
720575940612461461,7205759406124614611,lLN2P_c_L,lLN2P_c,L,AL_L,491,2884,10338,lLN2P_c,lLN2P_c,lLN2P,lLN2P_c,lLN2P,AL local neuron;ALLN;lLN2P_c,,lLN2P_c,gaba,0.5728088244322935,,,lLN2P
720575940606385440,7205759406063854402,lLN10_R,lLN10,R,AL_R,183,935,6483,lLN10,lLN10,lLN10,lLN10,lLN10,AL local neuron;ALLN;lLN10,,lLN10,gaba,0.4932375697971186,,,lLN10
720575940624079821,7205759406240798211,lLN8_L,lLN8,L,AL_L,289,467,1871,lLN8,lLN8,lLN8,lLN8,lLN8,AL local neuron;ALLN;lLN8,,lLN8,gaba,0.7510262140304304,,,lLN8
720575940624079821,7205759406240798212,lLN8_R,lLN8,R,AL_R,54,578,1859,lLN8,lLN8,lLN8,lLN8,lLN8,AL local neuron;ALLN;lLN8,,lLN8,gaba,0.7510262140304304,,,lLN8
720575940651758838,7205759406517588382,lLN2X07_R,lLN2X07,R,AL_R,494,838,5763,lLN2X07,lLN2X07,lLN2X07,,,AL local neuron;ALLN;ALl1_dorsal;lLN2X07;left,lLN2X07,,acetylcholine,0.5023294040655425,,,lLN2X07
720575940633772452,7205759406337724522,lLN2X06_R,lLN2X06,R,AL_R,388,683,5179,lLN2X06,lLN2X06,lLN2X06,,,AL local neuron;ALLN;ALl1_dorsal;lLN2X06;left,lLN2X06,,acetylcholine,0.4827168509320574,,,lLN2X06
720575940637666446,7205759406376664461,lLN2P_b_L,lLN2P_b,L,AL_L,1173,1075,8211,lLN2P_b,lLN2P_b,lLN2P,lLN2P_b,lLN2P,AL local neuron;ALLN;lLN2P_b,,lLN2P_b,gaba,0.348996139401985,"gaba, myoinhibitory peptide","Sizemore et al., 2023",lLN2P
720575940635249332,7205759406352493322,lLN2P_c_R,lLN2P_c,R,AL_R,428,2438,8151,lLN2P_c,lLN2P_c,lLN2P,lLN2P_c,lLN2P,AL local neuron;ALLN;ALl1_dorsal;lLN2P_c;left,,lLN2P_c,gaba,0.5208239666578021,,,lLN2P
720575940624330281,7205759406243302812,lLN2P_a_R,lLN2P_a,R,AL_R,1345,956,7326,lLN2P_a,lLN2P_a,lLN2P,lLN2P_a,lLN2P,AL local neuron;ALLN;lLN2P_a,,lLN2P_a,glutamate,0.3435977513865794,,,lLN2P
720575940633212441,7205759406332124411,lLN2X07_L,lLN2X07,L,AL_L,718,796,6098,lLN2X07,lLN2X07,lLN2X07,,,AL local neuron;ALLN;ALl1_dorsal;lLN2X07;right,lLN2X07,,acetylcholine,0.4736402461462959,,,lLN2X07
720575940628822248,7205759406288222482,lLN2X02_R,lLN2X02,R,AL_R,1542,1949,6546,lLN2X02,lLN2X02,lLN2X02,,,AL local neuron;ALLN;lLN2X02,lLN2X02,,gaba,0.5108160580953782,,,lLN2X02
720575940614429165,7205759406144291651,lLN2P_b_L,lLN2P_b,L,AL_L,834,1246,7679,lLN2P_b,lLN2P_b,lLN2P,lLN2P_b,lLN2P,AL local neuron;ALLN;ALl1_dorsal;lLN2P_b;right,,lLN2P_b,gaba,0.363586038166727,"gaba, myoinhibitory peptide","Sizemore et al., 2023",lLN2P
720575940610669614,7205759406106696141,lLN2P_b_L,lLN2P_b,L,AL_L,868,1287,7879,lLN2P_b,lLN2P_b,lLN2P,lLN2P_b,lLN2P,AL local neuron;ALLN;ALl1_dorsal;gaba;lLN2P_b;olfactory projection neuron/PN;right,,lLN2P_b,gaba,0.3865732909624552,"gaba, myoinhibitory peptide","Sizemore et al., 2023",lLN2P
720575940614756589,7205759406147565891,ALBN1_L,ALBN1,L,AL_L,11,1194,12598,ALBN1,ALBN1,ALBN1,ALBN1,ALBN1,AL local neuron;ALBN1;ALLN,,ALBN1,gaba,0.3523882150377924,,,ALBN1
720575940614756589,7205759406147565892,ALBN1_R,ALBN1,R,AL_R,1328,276,1715,ALBN1,ALBN1,ALBN1,ALBN1,ALBN1,AL local neuron;ALBN1;ALLN,,ALBN1,gaba,0.3523882150377924,,,ALBN1
720575940615669972,7205759406156699721,l2LN23_L,l2LN23,L,AL_L,540,523,3757,l2LN23,l2LN23,l2LN23,l2LN23,l2LN23,AL local neuron;ALLN;ALl1_ventral;l2LN23;right,,l2LN23,gaba,0.4853268438935367,,,l2LN23
720575940622457443,7205759406224574432,lLN2X06_R,lLN2X06,R,AL_R,444,871,5976,lLN2X06,lLN2X06,lLN2X06,,,AL local neuron;ALLN;ALl1_dorsal;lLN2X06;left,lLN2X06,,acetylcholine,0.4176766808753053,,,lLN2X06
720575940620565313,7205759406205653131,lLN2X12_L,lLN2X12,L,AL_L,718,1427,8452,lLN2X12,lLN2X12,lLN2X12,,,AL local neuron;ALLN;ALl1_dorsal;lLN2X12;right,lLN2X12,,acetylcholine,0.3210379801385865,,,lLN2X12
720575940626115134,7205759406261151342,lLN2P_b_R,lLN2P_b,R,AL_R,869,1244,7516,lLN2P_b,lLN2P_b,lLN2P,lLN2P_b,lLN2P,AL local neuron;ALLN;ALl1_dorsal;lLN2P_b;left,,lLN2P_b,gaba,0.3346221471486305,"gaba, myoinhibitory peptide","Sizemore et al., 2023",lLN2P
720575940640955637,7205759406409556372,lLN2P_c_R,lLN2P_c,R,AL_R,378,2497,8542,lLN2P_c,lLN2P_c,lLN2P,lLN2P_c,lLN2P,AL local neuron;ALLN;lLN2P_c,,lLN2P_c,gaba,0.5392087000968441,,,lLN2P
720575940632198442,7205759406321984421,lLN2X02_L,lLN2X02,L,AL_L,1395,1859,6252,lLN2X02,lLN2X02,lLN2X02,,,AL local neuron;ALLN;lLN2X02,lLN2X02,,gaba,0.5128297650250643,,,lLN2X02
720575940624450342,7205759406244503421,lLN2P_b_L,lLN2P_b,L,AL_L,849,1314,7776,lLN2P_b,lLN2P_b,lLN2P,lLN2P_b,lLN2P,AL local neuron;ALLN;ALl1_dorsal;lLN2P_b;right,,lLN2P_b,gaba,0.3323253191636159,"gaba, myoinhibitory peptide","Sizemore et al., 2023",lLN2P
720575940616197819,7205759406161978192,lLN2X05_R,lLN2X05,R,AL_R,600,1454,8402,lLN2X05,lLN2X05,lLN2X05,,,AL local neuron;ALLN;ALl1_dorsal;lLN2X05;left,lLN2X05,,serotonin,0.39727184065424,,,lLN2X05
720575940629111814,7205759406291118142,vLN24_R,vLN24,R,AL_R,292,404,5177,vLN24,vLN24,vLN24,vLN24,vLN24,AL local neuron;ALLN;vLN24,,vLN24,acetylcholine,0.3804088042516628,,,vLN24
720575940617299131,7205759406172991312,lLN2X05_R,lLN2X05,R,AL_R,749,2265,11419,lLN2X05,lLN2X05,lLN2X05,,,AL local neuron;ALLN;ALl1_dorsal;lLN2X05;left,lLN2X05,,serotonin,0.3807251977802746,,,lLN2X05
720575940608241365,7205759406082413651,lLN2X10_L,lLN2X10,L,AL_L,378,966,5478,lLN2X10,lLN2X10,lLN2X10,,,AL local neuron;ALLN;ALl1_dorsal;lLN2X10;right,lLN2X10,,acetylcholine,0.4082160640876501,,,lLN2X10
720575940631907159,7205759406319071591,lLN2T_d_L,lLN2T_d,L,AL_L,14,2,63,lLN2T_d,lLN2T_d,lLN2T,lLN2T_d,lLN2T,AL local neuron;ALLN;ALl1_dorsal;lLN2T_d;left,,lLN2T_d,gaba,0.5752272655310858,,,lLN2T
720575940631907159,7205759406319071592,lLN2T_d_R,lLN2T_d,R,AL_R,1748,1428,11086,lLN2T_d,lLN2T_d,lLN2T,lLN2T_d,lLN2T,AL local neuron;ALLN;ALl1_dorsal;lLN2T_d;left,,lLN2T_d,gaba,0.5752272655310858,,,lLN2T
720575940637136752,7205759406371367522,lLN2X04_R,lLN2X04,R,AL_R,1625,3458,14799,lLN2X04,lLN2X04,lLN2X04,,,AL local neuron;ALLN;lLN2X04,lLN2X04,,gaba,0.3797052378598694,,,lLN2X04
720575940611671506,7205759406116715061,lLN2X05_L,lLN2X05,L,AL_L,575,2000,10663,lLN2X05,lLN2X05,lLN2X05,,,AL local neuron;ALLN;ALl1_dorsal;lLN2X05;right,lLN2X05,,serotonin,0.3528227071489639,,,lLN2X05
720575940640986075,7205759406409860752,lLN2X09_R,lLN2X09,R,AL_R,427,947,4193,lLN2X09,lLN2X09,lLN2X09,,,AL local neuron;ALLN;ALl1_dorsal;lLN2X09;left,lLN2X09,,acetylcholine,0.4461968257624494,,,lLN2X09
720575940625251401,7205759406252514011,lLN2T_d_L,lLN2T_d,L,AL_L,1984,1391,10864,lLN2T_d,lLN2T_d,lLN2T,lLN2T_d,lLN2T,AL local neuron;ALLN;ALl1_dorsal;lLN2T_d;right,,lLN2T_d,gaba,0.6004465122426549,,,lLN2T
720575940625251401,7205759406252514012,lLN2T_d_R,lLN2T_d,R,AL_R,23,1,103,lLN2T_d,lLN2T_d,lLN2T,lLN2T_d,lLN2T,AL local neuron;ALLN;ALl1_dorsal;lLN2T_d;right,,lLN2T_d,gaba,0.6004465122426549,,,lLN2T
720575940613489617,7205759406134896171,LN60a_L,LN60a,L,AL_L,635,2524,6338,LN60a,LN60a,LN60a,,,AL local neuron;ALLN;LN60a,LN60a,,gaba,0.689573113662625,,,LN60a
720575940613489617,7205759406134896172,LN60a_R,LN60a,R,AL_R,93,863,2146,LN60a,LN60a,LN60a,,,AL local neuron;ALLN;LN60a,LN60a,,gaba,0.689573113662625,,,LN60a
720575940632416298,7205759406324162981,lLN2T_e_L,lLN2T_e,L,AL_L,836,2598,12880,lLN2T_e,lLN2T_e,lLN2T,lLN2T_e,lLN2T,AL local neuron;ALLN;ALl1_dorsal;lLN2T_e;right,,lLN2T_e,serotonin,0.3228665434031093,,,lLN2T
720575940632416298,7205759406324162982,lLN2T_e_R,lLN2T_e,R,AL_R,8,10,113,lLN2T_e,lLN2T_e,lLN2T,lLN2T_e,lLN2T,AL local neuron;ALLN;ALl1_dorsal;lLN2T_e;right,,lLN2T_e,serotonin,0.3228665434031093,,,lLN2T
720575940625584484,7205759406255844842,lLN2X10_R,lLN2X10,R,AL_R,895,1524,8636,lLN2X10,lLN2X10,lLN2X10,,,AL local neuron;ALLN;ALl1_dorsal;lLN2X10;left,lLN2X10,,acetylcholine,0.4396491575211894,,,lLN2X10
720575940610161091,7205759406101610912,lLN1_bc_R,lLN1_bc,R,AL_R,104,1986,9737,lLN1_bc,lLN1_b,lLN1,lLN1_b;lLN1_c,lLN1,AL local neuron;ALLN;ALl1_dorsal;lLN1_b;lLN1_bc;lLN1_c;left,lLN1_bc,"lLN1_b,lLN1_c",dopamine,0.3080535248531911,,,lLN1
720575940619078091,7205759406190780912,lLN2X10_R,lLN2X10,R,AL_R,576,1137,6482,lLN2X10,lLN2X10,lLN2X10,,,AL local neuron;ALLN;ALl1_dorsal;lLN2X10;left,lLN2X10,,acetylcholine,0.4749684096136305,,,lLN2X10
720575940630225403,7205759406302254032,lLN2X12_R,lLN2X12,R,AL_R,664,1225,7354,lLN2X12,lLN2X12,lLN2X12,,,AL local neuron;ALLN;lLN2X12,lLN2X12,,acetylcholine,0.4017679000012679,,,lLN2X12
720575940622650879,7205759406226508792,lLN2X12_R,lLN2X12,R,AL_R,617,1264,7587,lLN2X12,lLN2X12,lLN2X12,,,AL local neuron;ALLN;ALl1_dorsal;lLN2X12;left,lLN2X12,,acetylcholine,0.4082527120833314,,,lLN2X12
720575940610408643,7205759406104086431,lLN2X02_L,lLN2X02,L,AL_L,1540,1960,6292,lLN2X02,lLN2X02,lLN2X02,,,AL local neuron;ALLN;lLN2X02,lLN2X02,,gaba,0.5017186761328628,,,lLN2X02
720575940630340474,7205759406303404742,vLN25_R,vLN25,R,AL_R,1036,501,3660,vLN25,vLN25,vLN25,vLN25,vLN25,vLN25,,vLN25,glutamate,0.5843708432866808,,,vLN25
720575940616758322,7205759406167583222,lLN2X04_R,lLN2X04,R,AL_R,1339,3631,15212,lLN2X04,lLN2X04,lLN2X04,,,AL local neuron;ALLN;lLN2X04,lLN2X04,,gaba,0.3594127439650376,,,lLN2X04
720575940629792732,7205759406297927322,lLN1_bc_R,lLN1_bc,R,AL_R,108,2105,9920,lLN1_bc,lLN1_b,lLN1,lLN1_b;lLN1_c,lLN1,AL local neuron;ALLN;ALl1_dorsal;lLN1_b;lLN1_bc;lLN1_c;left,lLN1_bc,"lLN1_b,lLN1_c",dopamine,0.2743360633202058,,,lLN1
720575940626342174,7205759406263421742,lLN1_bc_R,lLN1_bc,R,AL_R,34,1937,9477,lLN1_bc,lLN1_b,lLN1,lLN1_b;lLN1_c,lLN1,AL local neuron;ALLN;ALl1_dorsal;acetylcholine;lLN1_b;lLN1_bc;lLN1_c;left,lLN1_bc,"lLN1_b,lLN1_c",acetylcholine,0.3006734318404597,,,lLN1
720575940628059978,7205759406280599782,lLN2X11_R,lLN2X11,R,AL_R,1087,2092,12508,lLN2X11,lLN2X11,lLN2X11,,,AL local neuron;ALLN;ALl1_dorsal;lLN2X11;left,lLN2X11,,serotonin,0.4201109588904385,,,lLN2X11
720575940660217729,7205759406602177292,lLN1_bc_R,lLN1_bc,R,AL_R,52,1867,8897,lLN1_bc,lLN1_b,lLN1,lLN1_b;lLN1_c,lLN1,AL local neuron;ALLN;ALl1_dorsal;lLN1_b;lLN1_bc;lLN1_c;left,lLN1_bc,"lLN1_b,lLN1_c",acetylcholine,0.2872156731976392,,,lLN1
720575940631899223,7205759406318992231,lLN2X05_L,lLN2X05,L,AL_L,563,1859,10757,lLN2X05,lLN2X05,lLN2X05,,,AL local neuron;ALLN;ALl1_dorsal;lLN2X05;right,lLN2X05,,serotonin,0.3345498737303988,,,lLN2X05
720575940621398254,7205759406213982541,lLN2X04_L,lLN2X04,L,AL_L,1576,3786,15010,lLN2X04,lLN2X04,lLN2X04,,,AL local neuron;ALLN;lLN2X04,lLN2X04,,gaba,0.3724250376482724,,,lLN2X04
720575940612347571,7205759406123475712,lLN1_bc_R,lLN1_bc,R,AL_R,68,2201,10512,lLN1_bc,lLN1_b,lLN1,lLN1_b;lLN1_c,lLN1,AL local neuron;ALLN;ALl1_dorsal;lLN1_b;lLN1_bc;lLN1_c;left,lLN1_bc,"lLN1_b,lLN1_c",serotonin,0.3382934412973226,,,lLN1
720575940621542747,7205759406215427472,lLN1_a_R,lLN1_a,R,AL_R,153,2456,10679,lLN1_a,lLN1_a,lLN1,lLN1_a,lLN1,AL local neuron;ALLN;ALl1_dorsal;lLN1_a;left,,lLN1_a,serotonin,0.4293655566150678,,,lLN1
720575940617537570,7205759406175375701,lLN1_bc_L,lLN1_bc,L,AL_L,136,2367,10920,lLN1_bc,lLN1_b,lLN1,lLN1_b;lLN1_c,lLN1,AL local neuron;ALLN;ALl1_dorsal;lLN1_b;lLN1_bc;lLN1_c;right,lLN1_bc,"lLN1_b,lLN1_c",dopamine,0.2753310726177759,,,lLN1
720575940633938349,7205759406339383491,lLN1_bc_L,lLN1_bc,L,AL_L,66,2431,10709,lLN1_bc,lLN1_b,lLN1,lLN1_b;lLN1_c,lLN1,AL local neuron;ALLN;ALl1_dorsal;lLN1_b;lLN1_bc;lLN1_c;right,lLN1_bc,"lLN1_b,lLN1_c",serotonin,0.3297240852293644,,,lLN1
720575940633483807,7205759406334838071,lLN2T_e_L,lLN2T_e,L,AL_L,887,2984,14152,lLN2T_e,lLN2T_e,lLN2T,lLN2T_e,lLN2T,AL local neuron;ALLN;ALl1_dorsal;lLN2T_e;right,,lLN2T_e,serotonin,0.3249090035756803,,,lLN2T
720575940633483807,7205759406334838072,lLN2T_e_R,lLN2T_e,R,AL_R,7,0,25,lLN2T_e,lLN2T_e,lLN2T,lLN2T_e,lLN2T,AL local neuron;ALLN;ALl1_dorsal;lLN2T_e;right,,lLN2T_e,serotonin,0.3249090035756803,,,lLN2T
720575940622338742,7205759406223387422,lLN1_bc_R,lLN1_bc,R,AL_R,45,1811,8953,lLN1_bc,lLN1_b,lLN1,lLN1_b;lLN1_c,lLN1,AL local neuron;ALLN;ALl1_dorsal;lLN1_b;lLN1_bc;lLN1_c;left,lLN1_bc,"lLN1_b,lLN1_c",acetylcholine,0.2536082262345265,,,lLN1
720575940627927573,7205759406279275731,lLN2X04_L,lLN2X04,L,AL_L,1273,3415,13911,lLN2X04,lLN2X04,lLN2X04,,,AL local neuron;ALLN;lLN2X04,lLN2X04,,gaba,0.3714162544722526,,,lLN2X04
720575940618757666,7205759406187576661,lLN2T_c_L,lLN2T_c,L,AL_L,2696,1730,15596,lLN2T_c,lLN2T_c,lLN2T,lLN2T_c,lLN2T,AL local neuron;ALLN;ALl1_dorsal;lLN2T_c;right;serotonin,,lLN2T_c,serotonin,0.3723192886146432,acetylcholine,"Shang et al., 2007",lLN2T
720575940619931119,7205759406199311191,lLN2X11_L,lLN2X11,L,AL_L,1072,2039,12175,lLN2X11,lLN2X11,lLN2X11,,,AL local neuron;ALLN;ALl1_dorsal;lLN2X11;right,lLN2X11,,serotonin,0.3904619675448708,,,lLN2X11
720575940628914436,7205759406289144361,lLN2X12_L,lLN2X12,L,AL_L,1162,1232,8003,lLN2X12,lLN2X12,lLN2X12,,,AL local neuron;ALLN;ALl1_dorsal;lLN2X12;right,lLN2X12,,acetylcholine,0.2755070330581051,,,lLN2X12
720575940623137997,7205759406231379972,lLN1_bc_R,lLN1_bc,R,AL_R,44,2213,9820,lLN1_bc,lLN1_b,lLN1,lLN1_b;lLN1_c,lLN1,AL local neuron;ALLN;ALl1_dorsal;lLN1_b;lLN1_bc;lLN1_c;left,lLN1_bc,"lLN1_b,lLN1_c",serotonin,0.2828370760230285,,,lLN1
720575940631603281,7205759406316032812,lLN1_bc_R,lLN1_bc,R,AL_R,48,2009,9933,lLN1_bc,lLN1_b,lLN1,lLN1_b;lLN1_c,lLN1,AL local neuron;ALLN;ALl1_dorsal;lLN1_b;lLN1_bc;lLN1_c;left,lLN1_bc,"lLN1_b,lLN1_c",dopamine,0.2553263770987052,,,lLN1
720575940619059102,7205759406190591022,lLN2X03_R,lLN2X03,R,AL_R,712,2700,11171,lLN2X03,lLN2T_a,lLN2T,lLN2T_a,lLN2T,AL local neuron;ALLN;lLN2T_a;lLN2X03,lLN2X03,lLN2T_a,serotonin,0.3512267626990139,acetylcholine,"Shang et al., 2007",lLN2T
720575940618385620,7205759406183856201,lLN2T_d_L,lLN2T_d,L,AL_L,2254,1654,12526,lLN2T_d,lLN2T_d,lLN2T,lLN2T_d,lLN2T,AL local neuron;ALLN;ALl1_dorsal;lLN2T_d;right,,lLN2T_d,gaba,0.6321967422816525,,,lLN2T
720575940618385620,7205759406183856202,lLN2T_d_R,lLN2T_d,R,AL_R,21,5,127,lLN2T_d,lLN2T_d,lLN2T,lLN2T_d,lLN2T,AL local neuron;ALLN;ALl1_dorsal;lLN2T_d;right,,lLN2T_d,gaba,0.6321967422816525,,,lLN2T
720575940615708482,7205759406157084822,lLN1_bc_R,lLN1_bc,R,AL_R,46,1902,8854,lLN1_bc,lLN1_b,lLN1,lLN1_b;lLN1_c,lLN1,AL local neuron;ALLN;ALl1_dorsal;lLN1_b;lLN1_bc;lLN1_c;left,lLN1_bc,"lLN1_b,lLN1_c",acetylcholine,0.2886746085086998,,,lLN1
720575940641606541,7205759406416065411,lLN1_bc_L,lLN1_bc,L,AL_L,53,2119,9055,lLN1_bc,lLN1_b,lLN1,lLN1_b;lLN1_c,lLN1,AL local neuron;ALLN;ALl1_dorsal;lLN1_b;lLN1_bc;lLN1_c;right,lLN1_bc,"lLN1_b,lLN1_c",dopamine,0.2663466940990676,,,lLN1
720575940631287912,7205759406312879121,lLN1_bc_L,lLN1_bc,L,AL_L,75,2139,9693,lLN1_bc,lLN1_b,lLN1,lLN1_b;lLN1_c,lLN1,AL local neuron;ALLN;ALl1_dorsal;lLN1_b;lLN1_bc;lLN1_c;right,lLN1_bc,"lLN1_b,lLN1_c",acetylcholine,0.2590573517926165,,,lLN1
720575940631975884,7205759406319758841,lLN2X12_L,lLN2X12,L,AL_L,685,1348,7889,lLN2X12,lLN2X12,lLN2X12,,,AL local neuron;ALLN;ALl1_dorsal;lLN2X12;right,lLN2X12,,acetylcholine,0.4358955346840308,,,lLN2X12
720575940621585279,7205759406215852792,lLN2X12_R,lLN2X12,R,AL_R,889,1445,8517,lLN2X12,lLN2X12,lLN2X12,,,AL local neuron;ALLN;ALl1_dorsal;lLN2X12;left,lLN2X12,,acetylcholine,0.2735647863410876,,,lLN2X12
720575940612637554,7205759406126375542,lLN2X12_R,lLN2X12,R,AL_R,836,1556,9329,lLN2X12,lLN2X12,lLN2X12,,,AL local neuron;ALLN;ALl1_dorsal;lLN2X12;left,lLN2X12,,acetylcholine,0.2755822890101408,,,lLN2X12
720575940616908177,7205759406169081772,lLN1_bc_R,lLN1_bc,R,AL_R,46,1841,8888,lLN1_bc,lLN1_b,lLN1,lLN1_b;lLN1_c,lLN1,AL local neuron;ALLN;lLN1_b;lLN1_bc;lLN1_c,lLN1_bc,"lLN1_b,lLN1_c",acetylcholine,0.3083974006244469,,,lLN1
720575940628023685,7205759406280236851,ALBN1_L,ALBN1,L,AL_L,3083,135,964,ALBN1,ALBN1,ALBN1,ALBN1,ALBN1,AL local neuron;ALBN1;ALLN,,ALBN1,glutamate,0.44697194399354,,,ALBN1
720575940628023685,7205759406280236852,ALBN1_R,ALBN1,R,AL_R,7,1354,13449,ALBN1,ALBN1,ALBN1,ALBN1,ALBN1,AL local neuron;ALBN1;ALLN,,ALBN1,glutamate,0.44697194399354,,,ALBN1
720575940621298270,7205759406212982701,lLN1_bc_L,lLN1_bc,L,AL_L,83,2519,11251,lLN1_bc,lLN1_b,lLN1,lLN1_b;lLN1_c,lLN1,AL local neuron;ALLN;ALl1_dorsal;lLN1_b;lLN1_bc;lLN1_c;right,lLN1_bc,"lLN1_b,lLN1_c",dopamine,0.3090729150140675,,,lLN1
720575940631586858,7205759406315868581,lLN1_a_L,lLN1_a,L,AL_L,120,3478,11733,lLN1_a,lLN1_a,lLN1,lLN1_a,lLN1,AL local neuron;ALLN;ALl1_dorsal;lLN1_a;right,,lLN1_a,serotonin,0.323581225011545,,,lLN1
720575940625585508,7205759406255855082,lLN1_bc_R,lLN1_bc,R,AL_R,50,2352,10918,lLN1_bc,lLN1_b,lLN1,lLN1_b;lLN1_c,lLN1,AL local neuron;ALLN;ALl1_dorsal;lLN1_b;lLN1_bc;lLN1_c;left,lLN1_bc,"lLN1_b,lLN1_c",serotonin,0.3409241891852552,,,lLN1
720575940616169578,7205759406161695781,lLN2T_b_L,lLN2T_b,L,AL_L,6911,2935,16461,lLN2T_b,lLN2T_b,lLN2T,lLN2T_b,lLN2T,AL local neuron;ALLN;ALl1_dorsal;lLN2T_b;right,,lLN2T_b,serotonin,0.3481103534493707,acetylcholine,"Shang et al., 2007",lLN2T
720575940606722249,7205759406067222492,lLN2X03_R,lLN2X03,R,AL_R,507,2815,12241,lLN2X03,lLN2T_a,lLN2T,lLN2T_a,lLN2T,AL local neuron;ALLN;lLN2T_a;lLN2X03,lLN2X03,lLN2T_a,serotonin,0.3180605876955724,acetylcholine,"Shang et al., 2007",lLN2T
720575940606056905,7205759406060569051,lLN1_bc_L,lLN1_bc,L,AL_L,70,2487,10932,lLN1_bc,lLN1_b,lLN1,lLN1_b;lLN1_c,lLN1,AL local neuron;ALLN;ALl1_dorsal;lLN1_b;lLN1_bc;lLN1_c;right,lLN1_bc,"lLN1_b,lLN1_c",dopamine,0.3079834313980709,,,lLN1
720575940618561403,7205759406185614031,lLN1_bc_L,lLN1_bc,L,AL_L,49,2181,9581,lLN1_bc,lLN1_b,lLN1,lLN1_b;lLN1_c,lLN1,AL local neuron;ALLN;ALl1_dorsal;lLN1_b;lLN1_bc;lLN1_c;right,lLN1_bc,"lLN1_b,lLN1_c",dopamine,0.2662362032950898,,,lLN1
720575940623146701,7205759406231467012,lLN2T_e_R,lLN2T_e,R,AL_R,765,2484,12760,lLN2T_e,lLN2T_e,lLN2T,lLN2T_e,lLN2T,AL local neuron;ALLN;ALl1_dorsal;lLN2T_e;left,,lLN2T_e,serotonin,0.3458429396573446,,,lLN2T
720575940635945919,7205759406359459191,v2LN30_L,v2LN30,L,AL_L,2210,11916,34741,v2LN30,v2LN30,v2LN30,v2LN30,v2LN30,AL local neuron;ALLN;ALv2;right;v2LN30,,v2LN30,glutamate,0.2811788041789135,,,v2LN30
720575940624435128,7205759406244351282,lLN2X11_R,lLN2X11,R,AL_R,962,2372,12890,lLN2X11,lLN2X11,lLN2X11,,,AL local neuron;ALLN;ALl1_dorsal;lLN2X11;left,lLN2X11,,serotonin,0.4790749727423471,,,lLN2X11
720575940640541091,7205759406405410912,lLN1_bc_R,lLN1_bc,R,AL_R,85,2677,11929,lLN1_bc,lLN1_b,lLN1,lLN1_b;lLN1_c,lLN1,AL local neuron;ALLN;ALl1_dorsal;lLN1_b;lLN1_bc;lLN1_c;left,lLN1_bc,"lLN1_b,lLN1_c",serotonin,0.371684783242896,,,lLN1
720575940646576436,7205759406465764362,lLN2T_c_R,lLN2T_c,R,AL_R,2175,1455,13827,lLN2T_c,lLN2T_c,lLN2T,lLN2T_c,lLN2T,AL local neuron;ALLN;ALl1_dorsal;lLN2T_c;left,,lLN2T_c,serotonin,0.3700125766483451,acetylcholine,"Shang et al., 2007",lLN2T
720575940641593051,7205759406415930511,lLN1_bc_L,lLN1_bc,L,AL_L,48,2142,9308,lLN1_bc,lLN1_b,lLN1,lLN1_b;lLN1_c,lLN1,AL local neuron;ALLN;ALl1_dorsal;lLN1_b;lLN1_bc;lLN1_c;right,lLN1_bc,"lLN1_b,lLN1_c",dopamine,0.2799720802226924,,,lLN1
720575940640830453,7205759406408304531,lLN2X03_L,lLN2X03,L,AL_L,554,3559,14830,lLN2X03,lLN2T_a,lLN2T,lLN2T_a,lLN2T,AL local neuron;ALLN;lLN2T_a;lLN2X03,lLN2X03,lLN2T_a,serotonin,0.3591008205446735,acetylcholine,"Shang et al., 2007",lLN2T
720575940633294796,7205759406332947962,lLN2T_b_R,lLN2T_b,R,AL_R,6712,2669,16790,lLN2T_b,lLN2T_b,lLN2T,lLN2T_b,lLN2T,AL local neuron;ALLN;lLN2T_b,,lLN2T_b,serotonin,0.324722939228212,acetylcholine,"Shang et al., 2007",lLN2T
720575940660217473,7205759406602174731,lLN2X11_L,lLN2X11,L,AL_L,1028,2555,13527,lLN2X11,lLN2X11,lLN2X11,,,AL local neuron;ALLN;ALl1_dorsal;lLN2X11;right,lLN2X11,,serotonin,0.3560207193788243,,,lLN2X11
720575940644704160,7205759406447041601,lLN2X03_L,lLN2X03,L,AL_L,627,3147,13115,lLN2X03,lLN2T_a,lLN2T,lLN2T_a,lLN2T,AL local neuron;ALLN;lLN2T_a;lLN2X03,lLN2X03,lLN2T_a,serotonin,0.2970879607042385,acetylcholine,"Shang et al., 2007",lLN2T
720575940637623780,7205759406376237802,lLN2X03_R,lLN2X03,R,AL_R,856,3300,14631,lLN2X03,lLN2T_a,lLN2T,lLN2T_a,lLN2T,AL local neuron;ALLN;lLN2T_a;lLN2X03,lLN2X03,lLN2T_a,serotonin,0.3464663054073938,acetylcholine,"Shang et al., 2007",lLN2T
720575940632403986,7205759406324039861,il3LN6_L,il3LN6,L,AL_L,8166,2000,18397,il3LN6,il3LN6,il3LN6,il3LN6,il3LN6,AL local neuron;ALLN;Keystone;il3LN6;il3LN6 Taisz ... Galili 2022 doi:10.1101/2022.05.13.491877,,il3LN6,gaba,0.339837240484168,gaba,"Tanaka et al., 2012",il3LN6
720575940632403986,7205759406324039862,il3LN6_R,il3LN6,R,AL_R,8940,2521,20688,il3LN6,il3LN6,il3LN6,il3LN6,il3LN6,AL local neuron;ALLN;Keystone;il3LN6;il3LN6 Taisz ... Galili 2022 doi:10.1101/2022.05.13.491877,,il3LN6,gaba,0.339837240484168,gaba,"Tanaka et al., 2012",il3LN6
720575940613590501,7205759406135905011,lLN2T_c_L,lLN2T_c,L,AL_L,2083,1800,15748,lLN2T_c,lLN2T_c,lLN2T,lLN2T_c,lLN2T,AL local neuron;ALLN;ALl1_dorsal;lLN2T_c;right,,lLN2T_c,serotonin,0.345546512956191,acetylcholine,"Shang et al., 2007",lLN2T
720575940614956072,7205759406149560722,v2LN30_R,v2LN30,R,AL_R,2249,10736,33017,v2LN30,v2LN30,v2LN30,v2LN30,v2LN30,AL local neuron;ALLN;ALv2;acetylcholine;left;v2LN30,,v2LN30,serotonin,0.2858302336584355,,,v2LN30
720575940640803200,7205759406408032002,lLN2F_a_R,lLN2F_a,R,AL_R,4252,1829,22159,lLN2F_a,lLN2F_a,lLN2F,lLN2F_a,lLN2F,AL local neuron;ALLN;lLN2F_a,,lLN2F_a,gaba,0.3538815485628913,,,lLN2F
720575940624012692,7205759406240126921,CB1668_L,CB1668,L,AL_L,50,35,393,CB1668,CB1668,CB1668,,,AL local neuron;ALLN;ALv1;CB1668;left,CB1668,,acetylcholine,0.4549383056974161,,,CB1668
720575940624012692,7205759406240126922,CB1668_R,CB1668,R,AL_R,61,227,762,CB1668,CB1668,CB1668,,,AL local neuron;ALLN;ALv1;CB1668;left,CB1668,,acetylcholine,0.4549383056974161,,,CB1668
720575940623000858,7205759406230008581,lLN2F_b_L,lLN2F_b,L,AL_L,8938,2718,44372,lLN2F_b,lLN2F_b,lLN2F,lLN2F_b,lLN2F,AL local neuron;ALLN;ALl1_dorsal;lLN2F_b;right,,lLN2F_b,gaba,0.5736651301027442,,,lLN2F
720575940638128474,7205759406381284741,lLN2F_a_L,lLN2F_a,L,AL_L,5145,1784,20295,lLN2F_a,lLN2F_a,lLN2F,lLN2F_a,lLN2F,AL local neuron;ALLN;lLN2F_a,,lLN2F_a,gaba,0.3577182900530919,,,lLN2F
720575940609282825,7205759406092828252,lLN2F_b_R,lLN2F_b,R,AL_R,8108,2528,43356,lLN2F_b,lLN2F_b,lLN2F,lLN2F_b,lLN2F,AL local neuron;ALLN;lLN2F_b,,lLN2F_b,gaba,0.5423415890458635,,,lLN2F
720575940634545890,7205759406345458902,lLN2F_b_R,lLN2F_b,R,AL_R,7486,2701,40497,lLN2F_b,lLN2F_b,lLN2F,lLN2F_b,lLN2F,AL local neuron;ALLN;lLN2F_b,,lLN2F_b,gaba,0.5456065905294333,,,lLN2F
720575940631164476,7205759406311644761,CB3633_L,CB3633,L,AL_L,1,41,799,CB3633,CB3633,CB3633,,,AL local neuron;ALLN;ALv2;CB3633;acetylcholine;left,CB3633,,acetylcholine,0.3336099970709434,,,CB3633
720575940631164476,7205759406311644762,CB3633_R,CB3633,R,AL_R,122,72,1999,CB3633,CB3633,CB3633,,,AL local neuron;ALLN;ALv2;CB3633;acetylcholine;left,CB3633,,acetylcholine,0.3336099970709434,,,CB3633
720575940604662700,7205759406046627001,CB1668_L,CB1668,L,AL_L,40,56,299,CB1668,CB1668,CB1668,,,AL local neuron;ALLN;ALv2;CB1668;acetylcholine;left,CB1668,,acetylcholine,0.3285957297897379,,,CB1668
720575940604662700,7205759406046627002,CB1668_R,CB1668,R,AL_R,67,155,464,CB1668,CB1668,CB1668,,,AL local neuron;ALLN;ALv2;CB1668;acetylcholine;left,CB1668,,acetylcholine,0.3285957297897379,,,CB1668
720575940609406985,7205759406094069851,v2LN46b_L,v2LN46b,L,AL_L,1,21,82,v2LN46b,v2LN46,v2LN46,v2LN46,v2LN46,AL local neuron;ALLN;ALv2;glutamate;left;v2LN46;v2LN46b,v2LN46b,v2LN46,glutamate,0.65875089226222,,,v2LN46
720575940609406985,7205759406094069852,v2LN46b_R,v2LN46b,R,AL_R,51,137,541,v2LN46b,v2LN46,v2LN46,v2LN46,v2LN46,AL local neuron;ALLN;ALv2;glutamate;left;v2LN46;v2LN46b,v2LN46b,v2LN46,glutamate,0.65875089226222,,,v2LN46
720575940622792423,7205759406227924231,CB1013_L,CB1013,L,AL_L,15,44,353,CB1013,CB1013,CB1013,,,AL local neuron;ALLN;ALv2;CB1013;glutamate;left,CB1013,,glutamate,0.461489227049995,,,CB1013
720575940622792423,7205759406227924232,CB1013_R,CB1013,R,AL_R,40,81,482,CB1013,CB1013,CB1013,,,AL local neuron;ALLN;ALv2;CB1013;glutamate;left,CB1013,,glutamate,0.461489227049995,,,CB1013
720575940638559440,7205759406385594401,CB1013_L,CB1013,L,AL_L,2,68,328,CB1013,CB1013,CB1013,,,AL local neuron;ALLN;ALv2;CB1013;left,CB1013,,glutamate,0.4914966757386111,,,CB1013
720575940638559440,7205759406385594402,CB1013_R,CB1013,R,AL_R,33,99,443,CB1013,CB1013,CB1013,,,AL local neuron;ALLN;ALv2;CB1013;left,CB1013,,glutamate,0.4914966757386111,,,CB1013
720575940618112310,7205759406181123102,lLN1_bc_R,lLN1_bc,R,AL_R,60,2265,10427,lLN1_bc,lLN1_b,lLN1,lLN1_b;lLN1_c,lLN1,AL local neuron;ALLN;ALl1_dorsal;lLN1_b;lLN1_bc;lLN1_c;left,lLN1_bc,"lLN1_b,lLN1_c",dopamine,0.29870579134348,,,lLN1
720575940613804259,7205759406138042592,lLN2T_c_R,lLN2T_c,R,AL_R,2372,1547,15579,lLN2T_c,lLN2T_c,lLN2T,lLN2T_c,lLN2T,AL local neuron;ALLN;ALl1_dorsal;lLN2T_c;left,,lLN2T_c,serotonin,0.3297217055872063,acetylcholine,"Shang et al., 2007",lLN2T
720575940614832543,7205759406148325431,CB1686_L,CB1686,L,AL_L,47,442,1417,CB1686,CB1686,CB1686,,,AL local neuron;ALLN;ALv1;CB1686;gaba;right,CB1686,,gaba,0.4629882763052103,,,CB1686
720575940626051367,7205759406260513671,v2LN3A1_a_L,v2LN3A1_a,L,AL_L,2,55,533,v2LN3A1_a,v2LN3A,v2LN3A,v2LN3A,v2LN3A,AL local neuron;ALLN;ALv2;acetylcholine;left;v2LN3A;v2LN3A1_a,v2LN3A1_a,v2LN3A,acetylcholine,0.3718931341211843,,,v2LN3a
720575940626051367,7205759406260513672,v2LN3A1_a_R,v2LN3A1_a,R,AL_R,114,80,1781,v2LN3A1_a,v2LN3A,v2LN3A,v2LN3A,v2LN3A,AL local neuron;ALLN;ALv2;acetylcholine;left;v2LN3A;v2LN3A1_a,v2LN3A1_a,v2LN3A,acetylcholine,0.3718931341211843,,,v2LN3a
720575940625732196,7205759406257321961,CB2569_L,CB2569,L,AL_L,40,96,617,CB2569,CB2569,CB2569,,,AL local neuron;ALLN;ALv2;CB2569;left,CB2569,,acetylcholine,0.3715304341410136,,,CB2569
720575940625732196,7205759406257321962,CB2569_R,CB2569,R,AL_R,96,139,597,CB2569,CB2569,CB2569,,,AL local neuron;ALLN;ALv2;CB2569;left,CB2569,,acetylcholine,0.3715304341410136,,,CB2569
720575940637602650,7205759406376026501,vLN25_L,vLN25,L,AL_L,570,408,3326,vLN25,vLN25,vLN25,vLN25,vLN25,AL local neuron;ALLN;ALv2;glutamate;right;vLN25,,vLN25,glutamate,0.4027780800061528,,,vLN25
720575940636151391,7205759406361513912,CB1545_R,CB1545,R,AL_R,1,320,1755,CB1545,CB1545,CB1545,,,AL local neuron;ALLN;ALv2;CB1545;glutamate;left,CB1545,,glutamate,0.6563602994665018,,,CB1545
720575940605078560,7205759406050785601,v2LNX01_L,v2LNX01,L,AL_L,1,8,77,v2LNX01,v2LNX01,v2LNX01,,,AL local neuron;ALLN;ALv2;glutamate;left;v2LNX01,v2LNX01,,glutamate,0.4560799157174111,,,v2LNX01
720575940605078560,7205759406050785602,v2LNX01_R,v2LNX01,R,AL_R,14,230,2183,v2LNX01,v2LNX01,v2LNX01,,,AL local neuron;ALLN;ALv2;glutamate;left;v2LNX01,v2LNX01,,glutamate,0.4560799157174111,,,v2LNX01
720575940614774434,7205759406147744342,v2LN40_2_R,v2LN40_2,R,AL_R,263,373,1678,v2LN40_2,v2LN40_2,v2LN40_2,,,AL local neuron;ALLN;ALv2;left;v2LN40_2,v2LN40_2,,glutamate,0.3544333279515737,,,v2LN40_2
720575940617910848,7205759406179108481,v2LN5_L,v2LN5,L,AL_L,170,165,861,v2LN5,v2LN5,v2LN5,v2LN5,v2LN5,AL local neuron;ALLN;ALv2;glutamate;left;v2LN5,,v2LN5,glutamate,0.5308504373328204,,,v2LN5
720575940617910848,7205759406179108482,v2LN5_R,v2LN5,R,AL_R,1003,823,4136,v2LN5,v2LN5,v2LN5,v2LN5,v2LN5,AL local neuron;ALLN;ALv2;glutamate;left;v2LN5,,v2LN5,glutamate,0.5308504373328204,,,v2LN5
720575940623437838,7205759406234378381,CB1013_L,CB1013,L,AL_L,1,27,396,CB1013,CB1013,CB1013,,,AL local neuron;ALLN;ALv2;CB1013;glutamate;left,CB1013,,glutamate,0.3692908420814844,,,CB1013
720575940623437838,7205759406234378382,CB1013_R,CB1013,R,AL_R,14,62,706,CB1013,CB1013,CB1013,,,AL local neuron;ALLN;ALv2;CB1013;glutamate;left,CB1013,,glutamate,0.3692908420814844,,,CB1013
720575940638022515,7205759406380225152,v2LN39a_R,v2LN39a,R,AL_R,2,381,1868,v2LN39a,v2LN39a,v2LN39a,,,AL local neuron;ALLN;ALv2;glutamate;left;v2LN39a,v2LN39a,,glutamate,0.7002647143747026,,,v2LN39a
720575940625684057,7205759406256840571,CB2661_L,CB2661,L,AL_L,48,120,561,CB2661,CB2661,CB2661,,,AL local neuron;ALLN;ALv2;CB2661;glutamate;right,CB2661,,glutamate,0.4044485481681402,,,CB2661
720575940625684057,7205759406256840572,CB2661_R,CB2661,R,AL_R,1,62,297,CB2661,CB2661,CB2661,,,AL local neuron;ALLN;ALv2;CB2661;glutamate;right,CB2661,,glutamate,0.4044485481681402,,,CB2661
720575940621778646,7205759406217786461,CB2571_L,CB2571,L,AL_L,3,34,366,CB2571,CB2571,CB2571,,,AL local neuron;ALLN;ALv2;CB2571;left,CB2571,,glutamate,0.4353142888889534,,,CB2571
720575940621778646,7205759406217786462,CB2571_R,CB2571,R,AL_R,19,200,1644,CB2571,CB2571,CB2571,,,AL local neuron;ALLN;ALv2;CB2571;left,CB2571,,glutamate,0.4353142888889534,,,CB2571
720575940622014090,7205759406220140901,CB2527_L,CB2527,L,AL_L,7,64,532,CB2527,CB2527,CB2527,,,AL local neuron;ALLN;ALv2;CB2527;left,CB2527,,glutamate,0.420156210138844,,,CB2527
720575940622014090,7205759406220140902,CB2527_R,CB2527,R,AL_R,33,69,834,CB2527,CB2527,CB2527,,,AL local neuron;ALLN;ALv2;CB2527;left,CB2527,,glutamate,0.420156210138844,,,CB2527
720575940630251791,7205759406302517912,v2LN46b_R,v2LN46b,R,AL_R,106,87,425,v2LN46b,v2LN46,v2LN46,v2LN46,v2LN46,ALv2;left;v2LN46;v2LN46b,v2LN46b,v2LN46,glutamate,0.6131907800249468,,,v2LN46
720575940613575958,7205759406135759581,CB1473_L,CB1473,L,AL_L,35,271,979,CB1473,CB1473,CB1473,,,AL local neuron;ALLN;CB1473,CB1473,,gaba,0.4011015409059457,,,CB1473
720575940619061662,7205759406190616622,v2LN36_R,v2LN36,R,AL_R,1883,3009,7632,v2LN36,v2LN36,v2LN36,v2LN36,v2LN36,AL local neuron;ALLN;v2LN36,,v2LN36,serotonin,0.4514246913445501,glutamate,"Chou et al., 2022",v2LN36
720575940640314190,7205759406403141901,LN60a_L,LN60a,L,AL_L,160,907,2363,LN60a,LN60a,LN60a,,,AL local neuron;ALLN;LN60a,LN60a,,gaba,0.6624939124076772,,,LN60a
720575940640314190,7205759406403141902,LN60a_R,LN60a,R,AL_R,736,2262,5682,LN60a,LN60a,LN60a,,,AL local neuron;ALLN;LN60a,LN60a,,gaba,0.6624939124076772,,,LN60a
720575940628420264,7205759406284202642,lLN2X02_R,lLN2X02,R,AL_R,1454,2008,6576,lLN2X02,lLN2X02,lLN2X02,,,AL local neuron;ALLN;lLN2X02,lLN2X02,,gaba,0.507567521648935,,,lLN2X02
720575940633741229,7205759406337412292,lLN2X02_R,lLN2X02,R,AL_R,1691,1877,6128,lLN2X02,lLN2X02,lLN2X02,,,AL local neuron;ALLN;lLN2X02,lLN2X02,,gaba,0.4512680279569026,,,lLN2X02
720575940620249941,7205759406202499412,vLN27_R,vLN27,R,AL_R,619,1214,5044,vLN27,vLN27,vLN27,vLN27,vLN27,AL local neuron;ALLN;vLN27,,vLN27,glutamate,0.3286639934871911,,,vLN27
720575940627604327,7205759406276043271,vLN28_vLN29_L,vLN28_vLN29,L,AL_L,564,366,2660,"vLN28,vLN29",vLN28,vLN28;vLN29,vLN28;vLN29,vLN28;vLN29,AL local neuron;ALLN;vLN28;vLN29,,"vLN28,vLN29",glutamate,0.6261810929832753,,,vLN28;vLN29
720575940638006086,7205759406380060862,l2LN19_R,l2LN19,R,AL_R,117,815,3277,l2LN19,l2LN19,l2LN19,l2LN19,l2LN19,AL local neuron;ALLN;l2LN19,,l2LN19,gaba,0.5993937083994049,,,l2LN19
720575940609112587,7205759406091125871,CB1132_L,CB1132,L,AL_L,3,46,210,CB1132,CB1132,CB1132,,,AL local neuron;ALLN;CB1132,CB1132,,gaba,0.447566212444359,,,CB1132
720575940609112587,7205759406091125872,CB1132_R,CB1132,R,AL_R,24,467,1673,CB1132,CB1132,CB1132,,,AL local neuron;ALLN;CB1132,CB1132,,gaba,0.447566212444359,,,CB1132
720575940612991381,7205759406129913812,vLN26_R,vLN26,R,AL_R,5,608,5731,vLN26,vLN26,vLN26,vLN26,vLN26,2021;Bamboo;See Sterne et al.;https://doi.org/10.7554/eLife.71679;vLN26,,vLN26,glutamate,0.5555845838018059,,,vLN26
720575940627390440,7205759406273904401,CB2908_L,CB2908,L,AL_L,52,360,1297,CB2908,CB2908,CB2908,,,CB2908,CB2908,,gaba,0.4862058623139321,,,CB2908
