glomerulus,family,receptor,verified,source,doi,evidence,note
D,orco,Or69aA/Or69aB,true,Couto et al. 2005,10.1016/j.cub.2005.07.034,Table 1 (Or reporter target glomerulus),
DA1,orco,Or67d,true,Couto et al. 2005,10.1016/j.cub.2005.07.034,Table 1 (Or reporter target glomerulus),Fig. 4 legend: the Or67d reporter also labels a second glomerulus attributed to ectopic reporter expression; Or67d target is DA1.
DA2,orco,Or56a,true,Couto et al. 2005,10.1016/j.cub.2005.07.034,Table 1 (Or reporter target glomerulus),Task 2022 Table 3 also lists Or33a (citing Fishilevich & Vosshall 2005; not used as the source for this row).
DA3,orco,Or23a,true,Couto et al. 2005,10.1016/j.cub.2005.07.034,Table 1 (Or reporter target glomerulus),
DA4l,orco,Or43a,true,Couto et al. 2005,10.1016/j.cub.2005.07.034,Table 1 (Or reporter target glomerulus),
DA4m,orco,Or2a,true,Couto et al. 2005,10.1016/j.cub.2005.07.034,Table 1 (Or reporter target glomerulus),
DC1,orco,Or19a/Or19b,true,Couto et al. 2005,10.1016/j.cub.2005.07.034,Table 1 (Or reporter target glomerulus),
DC2,orco,Or13a,true,Couto et al. 2005,10.1016/j.cub.2005.07.034,Table 1 (Or reporter target glomerulus),
DC3,orco,Or83c,true,Couto et al. 2005,10.1016/j.cub.2005.07.034,Table 1 (Or reporter target glomerulus),
DC4,ir,Ir64a,true,Silbering et al. 2011,10.1523/JNEUROSCI.2360-11.2011,Table 1 (OSN central innervations column),Silbering footnote f: Ir64a is needed for DC4 proton responses but not sufficient; an additional receptor is likely. Ir64a neurons also target DP1m.
DL1,orco,Or10a,true,Couto et al. 2005,10.1016/j.cub.2005.07.034,Table 1 (Or reporter target glomerulus),Task 2022 Table 3 also lists Gr10a (citing Fishilevich & Vosshall 2005; not used as the source for this row). Or10a is the Or tuning receptor.
DL2d,ir,Ir75b,true,Prieto-Godino et al. 2017; Silbering et al. 2011,10.1016/j.neuron.2016.12.024; 10.1523/JNEUROSCI.2360-11.2011,Prieto-Godino Results and Fig. 6A; Silbering Table 1 (IR75abc -> DL2),Silbering assigned ac3 Ir75a/b/c neurons to DL2 by imaging only; Prieto-Godino 2017 shows Ir75b neurons target the dorsal compartment DL2d.
DL2v,ir,Ir75c,true,Prieto-Godino et al. 2017; Silbering et al. 2011,10.1016/j.neuron.2016.12.024; 10.1523/JNEUROSCI.2360-11.2011,Prieto-Godino Results and Fig. 6A; Silbering Table 1 (IR75abc -> DL2),Prieto-Godino 2017 shows Ir75c neurons target the ventral compartment DL2v.
DL3,orco,Or65a/Or65b/Or65c,true,Couto et al. 2005,10.1016/j.cub.2005.07.034,Table 1 (Or reporter target glomerulus),
DL4,orco,Or49a/Or85f,true,Couto et al. 2005,10.1016/j.cub.2005.07.034,Table 1 (Or reporter target glomerulus),Both Or49a and Or85f reporters target DL4 (ab10).
DL5,orco,Or7a,true,Couto et al. 2005,10.1016/j.cub.2005.07.034,Table 1 (Or reporter target glomerulus),
DM1,orco,Or42b,true,Couto et al. 2005,10.1016/j.cub.2005.07.034,Table 1 (Or reporter target glomerulus),
DM2,orco,Or22a/Or22b,true,Couto et al. 2005,10.1016/j.cub.2005.07.034,Table 1 (Or reporter target glomerulus),
DM3,orco,Or47a,true,Couto et al. 2005,10.1016/j.cub.2005.07.034,Table 1 (Or reporter target glomerulus),Task 2022 Table 3 also lists Or33b (citing Fishilevich & Vosshall 2005; not used as the source for this row).
DM4,orco,Or59b,true,Couto et al. 2005,10.1016/j.cub.2005.07.034,Table 1 (Or reporter target glomerulus),
DM5,orco,Or85a,true,Couto et al. 2005,10.1016/j.cub.2005.07.034,Table 1 (Or reporter target glomerulus),Task 2022 Table 3 also lists Or33b (citing Fishilevich & Vosshall 2005; not used as the source for this row).
DM6,orco,Or67a,true,Couto et al. 2005,10.1016/j.cub.2005.07.034,Table 1 (Or reporter target glomerulus),
DP1l,ir,Ir75a,true,Silbering et al. 2011,10.1523/JNEUROSCI.2360-11.2011,Table 1 (OSN central innervations column),Ir75a ac2 neurons; IR8a coreceptor.
DP1m,ir,Ir64a,true,Silbering et al. 2011,10.1523/JNEUROSCI.2360-11.2011,Table 1 (OSN central innervations column),Ir64a sacculus neurons innervate DC4 and DP1m.
V,gr,Gr21a/Gr63a,true,Couto et al. 2005; Kwon et al. 2007,10.1016/j.cub.2005.07.034; 10.1073/pnas.0700079104,Couto Table 1 (Gr21a -> V); Kwon Fig. 1E-F legend (Gr21a and Gr63a promoters label neurons projecting to V),CO2 receptor pair; Jones et al. 2007 Nature (10.1038/nature05466) abstract confirms Gr21a/Gr63a co-expression and sufficiency for CO2 but does not name the glomerulus.
VA1d,orco,Or88a,true,Couto et al. 2005,10.1016/j.cub.2005.07.034,Table 1 (Or reporter target glomerulus),Couto uses the same names as FlyWire: VA1d = Or88a and VA1v = Or47b.
VA1v,orco,Or47b,true,Couto et al. 2005,10.1016/j.cub.2005.07.034,Table 1 (Or reporter target glomerulus),Couto uses the same names as FlyWire: VA1v = Or47b (older atlases call this region VA1lm).
VA2,orco,Or92a,true,Couto et al. 2005,10.1016/j.cub.2005.07.034,Table 1 (Or reporter target glomerulus),
VA3,orco,Or67b,true,Couto et al. 2005,10.1016/j.cub.2005.07.034,Table 1 (Or reporter target glomerulus),
VA4,orco,Or85d,true,Couto et al. 2005,10.1016/j.cub.2005.07.034,Table 1 (Or reporter target glomerulus),
VA5,orco,Or49b,true,Couto et al. 2005,10.1016/j.cub.2005.07.034,Table 1 (Or reporter target glomerulus),
VA6,orco,Or82a,true,Couto et al. 2005,10.1016/j.cub.2005.07.034,Table 1 (Or reporter target glomerulus),
VA7l,orco,Or46aA,true,Couto et al. 2005,10.1016/j.cub.2005.07.034,Table 1 (Or reporter target glomerulus),
VA7m,orco,Or46aB (inferred),true,Benton et al. 2025; Task et al. 2022,10.1038/s44319-025-00476-8; 10.7554/eLife.72599,Benton Results and Fig. 2G legend; Task Table 3 (VA7m: tuning receptor UNK; Orco-T2A-QF2 = Yes),No direct Or46aB driver exists. Benton 2025 infers Or46aB because Or46aB pairs with Or13a in ab6 (RNA FISH) and clones of the Or13a lineage co-label DC2 and VA7m (12/12 brains). Task 2022 lists the receptor as unknown but shows Orco knock-in labels VA7m. Silbering 2011 called VA7m molecularly undefined.
VC1,orco,Or33c/Or85e,true,Couto et al. 2005,10.1016/j.cub.2005.07.034,Table 1 (Or reporter target glomerulus),
VC2,orco,Or71a,true,Couto et al. 2005,10.1016/j.cub.2005.07.034,Table 1 (Or reporter target glomerulus),
VC3,orco,Or35a (+Ir76a),true,Couto et al. 2005; Silbering et al. 2011; Benton et al. 2025,10.1016/j.cub.2005.07.034; 10.1523/JNEUROSCI.2360-11.2011; 10.1038/s44319-025-00476-8,Couto Table 1 (Or35a -> VC3); Silbering Table 1 (OR35a: Orco coreceptor; ac3; VC3); Benton Fig. 3 and Results,Hybrid neuron: Benton 2025 shows ac3B Or35a neurons also express Ir76a and need it for amine responses; 1-hexanol responses are Or35a/Orco-dependent. Family orco follows the Or tuning receptor. FlyWire VC3 = hemibrain v1.1 VC3l (Schlegel 2021 Table 2).
VC4,orco,Or67c,true,Couto et al. 2005,10.1016/j.cub.2005.07.034,Table 1 (Or reporter target glomerulus),
VC5,ir,Ir41a,true,Silbering et al. 2011; Schlegel et al. 2021,10.1523/JNEUROSCI.2360-11.2011; 10.7554/eLife.66018,Silbering Table 1 (IR41a -> VC5); Schlegel 2021 Table 2 (VC5 = Ir41a),Hemibrain v1.1 and Bates 2020 called this glomerulus VC3m; Schlegel 2021 renamed it VC5 and FlyWire uses VC5.
VL1,ir,Ir75d,true,Silbering et al. 2011,10.1523/JNEUROSCI.2360-11.2011,Table 1 (OSN central innervations column),Ir75d neurons (ac1/ac2/ac4) project ipsilaterally to VL1; coreceptor Ir25a. Task 2022 Table 3 shows Orco knock-in also labels VL1 (co-expression) but the tuning receptor is an Ir.
VL2a,ir,Ir84a,true,Silbering et al. 2011,10.1523/JNEUROSCI.2360-11.2011,Table 1 (OSN central innervations column),IR8a coreceptor.
VL2p,ir,Ir31a,true,Silbering et al. 2011,10.1523/JNEUROSCI.2360-11.2011,Table 1 (OSN central innervations column),IR8a coreceptor.
VM1,ir,Ir92a,true,Silbering et al. 2011,10.1523/JNEUROSCI.2360-11.2011,Table 1 (OSN central innervations column),IR25a coreceptor.
VM2,orco,Or43b,true,Couto et al. 2005,10.1016/j.cub.2005.07.034,Table 1 (Or reporter target glomerulus),
VM3,orco,Or9a,true,Couto et al. 2005,10.1016/j.cub.2005.07.034,Table 1 (Or reporter target glomerulus),
VM4,ir,Ir76a,true,Silbering et al. 2011,10.1523/JNEUROSCI.2360-11.2011,Table 1 (OSN central innervations column),IR25a coreceptor; Ir76a also expressed weakly in VC3 ac3B neurons (Benton 2025).
VM5d,orco,Or85b (Or98b reporter also targets VM5d),true,Couto et al. 2005; Benton et al. 2025,10.1016/j.cub.2005.07.034; 10.1038/s44319-025-00476-8,Table 1 legend; Fig. 2H legend,Couto: Or85b and Or98b reporters both target VM5d but neither was validated by in situ hybridization. Benton 2025 labels VM5d Or85b/(Or85c) (parentheses = function unclear) from ab3B and ab11B clonal co-labeling. Family orco is not in doubt; the exact tuning Or is less certain.
VM5v,orco,Or98a,true,Couto et al. 2005,10.1016/j.cub.2005.07.034,Table 1 (Or reporter target glomerulus),
VM6l,amt,Amt (Rh50+),true,Task et al. 2022; Vulpe et al. 2021,10.7554/eLife.72599; 10.1016/j.cub.2021.05.025,Task Table 3 and Fig. 5B/5G; Vulpe Fig. 3 and Results,Amt is required for the ammonia responses of these neurons and Rh50 is a marker (Rh50 mutants keep responses; Vulpe 2021). Orco knock-in does not label VM6 (Task 2022 Table 3). VM6l neurons come from sacculus chamber III and strongly express Ir8a in addition to Rh50 and Ir25a (Task Fig. 5G); an unidentified Ir contribution is not excluded. Called VC6 in the Task 2020 preprint.
VM6m,amt,Amt (Rh50+),true,Task et al. 2022; Vulpe et al. 2021,10.7554/eLife.72599; 10.1016/j.cub.2021.05.025,Task Table 3 and Fig. 5G; Vulpe Fig. 3 and Results,Amt is required for the ammonia responses of these neurons and Rh50 is a marker (Rh50 mutants keep responses; Vulpe 2021). Orco knock-in does not label VM6 (Task 2022 Table 3). VM6m neurons come from sacculus chamber III (Task Fig. 5G); Vulpe detects Amt in sacculus Rh50 neurons.
VM6v,amt,Amt (Rh50+),true,Task et al. 2022; Vulpe et al. 2021,10.7554/eLife.72599; 10.1016/j.cub.2021.05.025,Task Table 3 and Fig. 5G; Vulpe Fig. 1J-N and Results,Amt is required for the ammonia responses of these neurons and Rh50 is a marker (Rh50 mutants keep responses; Vulpe 2021). Orco knock-in does not label VM6 (Task 2022 Table 3). VM6v neurons come from ac1 (Task Fig. 5G). Vulpe maps all Amt/Rh50 neurons to VM6 without splitting it.
VM7d,orco,Or42a,true,Couto et al. 2005; Task et al. 2022,10.1016/j.cub.2005.07.034; 10.7554/eLife.72599,Couto Table 1 (Or42a -> VM7); Task Table 3 (VM7d = Or42a),Couto names this glomerulus VM7; Task 2022 Table 3 gives the current name VM7d.
VM7v,orco,Or59c,true,Couto et al. 2005; Task et al. 2022,10.1016/j.cub.2005.07.034; 10.7554/eLife.72599,Couto Table 1 (Or59c -> glomerulus '1'); Task Table 3 (VM7v (1) = Or59c),Couto names this glomerulus '1'; Task 2022 Table 3 renames it VM7v. Couto Fig. 4 legend: the Or59c reporter also labels a second glomerulus attributed to ectopic expression.
VP1d,hygro,Ir40a,true,Marin et al. 2020; Knecht et al. 2017,10.1016/j.cub.2020.06.028; 10.7554/eLife.26654,Marin Results (VP1d resembles Ir40a VP1 neurons) and Fig. 1P model; Knecht Fig. 1 legend (Ir40a -> VP1 and VP4),"VP names follow Marin 2020 (FAFB), which FlyWire uses. Marin: VP1d is the glomerulus originally called VP1 (Grabe 2015 naming in Knecht 2017). Marin suggests putative evaporative cooling; FlyWire class is hygrosensory. Modality is not settled."
VP1l,hygro,Ir21a,false,Marin et al. 2020,10.1016/j.cub.2020.06.028,Fig. 1K-K' legend (VP1l and VP3 RNs express Ir21a); Results and Discussion,"VP names follow Marin 2020 (FAFB), which FlyWire uses. CONFLICT: FlyWire types these neurons HRN_VP1l (hygrosensory), but Marin 2020 reports Ir21a expression and infers putative cold/cooling sensing; Task 2022 Table 3 also gives VP1l = Ir21a. Physiology is untested, so the modality is unresolved and the row is excluded from family seeds. Family shows the FlyWire HRN label."
VP1m,thermo,Ir68a,false,Marin et al. 2020,10.1016/j.cub.2020.06.028,Fig. 1J-J' legend (VP1m and VP5 RNs express Ir68a); Results and Discussion,"VP names follow Marin 2020 (FAFB), which FlyWire uses. CONFLICT: FlyWire types these neurons TRN_VP1m (thermosensory), but Marin 2020 reports Ir68a expression and infers putative humidity sensing; Task 2022 Table 3 also gives VP1m = Ir68a. Physiology is untested, so the modality is unresolved and the row is excluded from family seeds. Family shows the FlyWire TRN label."
VP2,thermo,Gr28b.d,true,Marin et al. 2020,10.1016/j.cub.2020.06.028,Fig. 1L legend (VP2 RNs express Gr28b.d); Introduction,"VP names follow Marin 2020 (FAFB), which FlyWire uses. Heating-responsive aristal neurons."
VP3a,thermo,Ir21a,true,Marin et al. 2020,10.1016/j.cub.2020.06.028,Fig. 1K-K' legend (VP3 RNs express Ir21a); Results on VP3 RN morphology,"VP names follow Marin 2020 (FAFB), which FlyWire uses. Cooling-responsive aristal neurons. FlyWire VP3a/VP3b follow hemibrain types annotated VP3RNa/VP3RNb (Marin 2020); counts (3 vs 1) match Marin's complex vs simpler VP3 RNs. Ir21a was shown for VP3 RNs as a group."
VP3b,thermo,Ir21a (glomerulus-level),false,Marin et al. 2020,10.1016/j.cub.2020.06.028,Results on VP3 RN morphology (single simpler RN that feeds the slow-cool VP3 PN),"VP names follow Marin 2020 (FAFB), which FlyWire uses. Not verified at subtype level: Marin shows Ir21a in VP3 RNs as a group; the single simpler VP3 RN may be non-aristal (Marin preprint) and its receptor was not tested. Excluded from family seeds; family shows the FlyWire TRN label."
VP4,hygro,Ir40a,true,Marin et al. 2020; Knecht et al. 2017,10.1016/j.cub.2020.06.028; 10.7554/eLife.26654,Marin Introduction and Fig. 1P model; Knecht Fig. 1 legend (Ir40a -> VP1 and VP4),"VP names follow Marin 2020 (FAFB), which FlyWire uses. Dry-air-responsive sacculus neurons (chambers I and II)."
VP5,hygro,Ir68a,true,Marin et al. 2020; Knecht et al. 2017,10.1016/j.cub.2020.06.028; 10.7554/eLife.26654,Marin Fig. 1J-J' legend; Knecht Fig. 1 legend (Ir68a glomerulus named VP5),"VP names follow Marin 2020 (FAFB), which FlyWire uses. Humid-air-responsive (moist cell) sacculus neurons."
