body_id,LN_instance,LN_type,combined_LN_type,broad_LN_group,orn_input_total,ipsi_orn_input_total,contra_orn_input_total,contra_orn_preference_weighted,contra_orn_preference_unweighted,pn_output_weight_total,ln_total_connections,sum_pn_output_fraction,sum_pn_output_percent,max_glomerulus_pn_output_percent,mean_glomerulus_pn_output_percent,pn_weighted_contra_orn_preference,n_orn_glomeruli,n_pn_glomeruli,n_convergent_glomeruli,orn_support_weight,body_convergence_score,body_score_rank,passes_body_orn_input_filter,glomerulus_breadth_weight,log_pn_output_weight_total,normalized_log_pn_output_weight_total,saturated_orn_glomerulus_breadth,glomerulus_breadth_weighted_preference,body_saturated_breadth_preference_score,body_orn_pn_breadth_score,body_saturated_orn_pn_score,body_bounded_saturated_orn_pn_score,combined_LN_type_mean_contra_orn_preference_weighted,combined_LN_type_breadth_weighted_mean,combined_LN_type_mean_pn_output_weight_total,combined_LN_type_mean_log_pn_output_weight_total,combined_LN_type_mean_body_orn_pn_breadth_score,combined_LN_type_mean_body_saturated_orn_pn_score,combined_LN_type_mean_body_bounded_saturated_orn_pn_score,combined_LN_type_orn_pn_breadth_score,orn_pn_breadth_type_order,saturated_orn_pn_type_order,bounded_saturated_orn_pn_type_order,mean_preference_type_order,breadth_weighted_type_order,body_orn_preference_rank_within_type,body_breadth_weighted_rank,body_orn_pn_breadth_rank,body_saturated_orn_pn_rank,body_bounded_saturated_orn_pn_rank
5901206553,il3LN6_L,il3LN6,il3LN6,il3LN,6492.0,1050.0,5442.0,0.6765249537892791,0.48999679299486043,1841.0,6330.0,0.29083728278041077,29.083728278041075,8.167456556082149,0.7653612704747651,0.5637618844768733,26,38,26,1.0,5.086525399915679,1,True,0.8125,3.26528962586083,0.9684095650336534,1.0,0.5496765249537893,0.6765249537892791,1.7948530545108397,2.2090499132441104,0.6551532362334882,0.6587221002588273,0.5452260696904281,1925.0,3.2842428416406593,1.7905704660177346,2.163065921081095,0.641515445117989,1.7905704660177346,1,1,1,1,1,1,1,1,1,1
5813018460,il3LN6_R,il3LN6,il3LN6,il3LN,6266.0,1125.0,5141.0,0.6409192467283754,0.49632285264744996,2009.0,7089.0,0.28339681196219496,28.339681196219495,7.47637184370151,0.7266584922107564,0.4099628063866705,27,39,26,1.0,4.874761290173849,2,True,0.84375,3.303196057420489,0.9796517380427291,1.0,0.5407756144270668,0.6409192467283754,1.7862878775246296,2.1170819289180796,0.6278776540024897,0.6587221002588273,0.5452260696904281,1925.0,3.2842428416406593,1.7905704660177346,2.163065921081095,0.641515445117989,1.7905704660177346,1,1,1,1,1,2,2,2,2,2
1762359683,lLN2S(Star)_R,lLN2S,lLN2S,lLN2S,1013.0,187.0,826.0,0.6307996051332675,0.5681017273111535,843.0,3245.0,0.25978428351309707,25.978428351309706,5.454545454545454,0.5647484424197763,0.5627691234438776,22,46,22,1.0,4.2504239329188716,4,True,0.6875,2.926342446625655,0.8678856519899566,0.88,0.4336747285291214,0.5551036525172754,1.269080766123626,1.6244233806382413,0.4817664953869619,0.582079669085152,0.4590419261649399,1105.1666666666667,3.0383059810913555,1.3952027480720952,1.718414911088117,0.5096422147102716,1.3952027480720952,3,2,2,2,2,1,11,14,12,12
1640922754,lLN2S(Star)_R,lLN2S,lLN2S,lLN2S,518.0,103.0,415.0,0.6023166023166023,0.35988664586456226,903.0,3500.0,0.258,25.8,5.057142857142857,0.5375,0.47748428208077226,25,48,25,1.0,4.099866332900307,7,True,0.78125,2.9561684304753633,0.8767313506434051,1.0,0.4705598455598456,0.6023166023166023,1.3910541600933781,1.780549324919524,0.5280698482639815,0.582079669085152,0.4590419261649399,1105.1666666666667,3.0383059810913555,1.3952027480720952,1.718414911088117,0.5096422147102716,1.3952027480720952,3,2,2,2,2,2,6,10,5,5
1702306037,lLN2S(Star)_R,lLN2S,lLN2S,lLN2S,752.0,156.0,596.0,0.5851063829787234,0.48031322651384456,1296.0,4289.0,0.30216833760783396,30.216833760783395,5.549079039403124,0.6295173700163208,0.5049575047803772,25,48,25,1.0,4.193930905717068,5,True,0.78125,3.11293997608408,0.9232261739785839,1.0,0.45711436170212766,0.5851063829787234,1.422969570184711,1.82140104983643,0.5401855273278948,0.582079669085152,0.4590419261649399,1105.1666666666667,3.0383059810913555,1.3952027480720952,1.718414911088117,0.5096422147102716,1.3952027480720952,3,2,2,2,2,3,9,8,3,3
1732995501,lLN2S(Star)_R,lLN2S,lLN2S,lLN2S,1072.0,230.0,842.0,0.5708955223880597,0.29676073451655816,1170.0,4402.0,0.26578827805542937,26.578827805542936,5.338482507950931,0.56550697458602,0.4740384654457056,26,47,26,1.0,4.033727032203175,8,True,0.8125,3.068556895072363,0.9100631761737323,1.0,0.46385261194029853,0.5708955223880597,1.4233581306667282,1.7518253915898192,0.5195509923678397,0.582079669085152,0.4590419261649399,1105.1666666666667,3.0383059810913555,1.3952027480720952,1.718414911088117,0.5096422147102716,1.3952027480720952,3,2,2,2,2,4,7,7,6,6
1670627928,lLN2S(Star)_R,lLN2S,lLN2S,lLN2S,986.0,216.0,770.0,0.5618661257606491,0.406383389149745,1191.0,4481.0,0.26578888640928366,26.578888640928366,5.28899799151975,0.5778019269767036,0.46094162020324947,24,46,24,1.0,3.979915687205288,9,True,0.75,3.076276255404218,0.9123525603441607,0.96,0.4213995943204868,0.5393914807302231,1.2963415660450837,1.6593172045377071,0.4921151984720471,0.582079669085152,0.4590419261649399,1105.1666666666667,3.0383059810913555,1.3952027480720952,1.718414911088117,0.5096422147102716,1.3952027480720952,3,2,2,2,2,5,12,12,9,9
5813069085,lLN2S(Star)_R,lLN2S,lLN2S,lLN2S,964.0,221.0,743.0,0.5414937759336099,0.20465657169762588,1228.0,4552.0,0.2697715289982425,26.977152899824254,5.645869947275923,0.5739819765920053,0.3488199280737859,30,47,30,1.0,3.8521629555948858,12,True,0.9375,3.089551882886454,0.9162898051550958,1.0,0.5076504149377593,0.5414937759336099,1.5684122953190438,1.6729731150069802,0.49616522644290456,0.582079669085152,0.4590419261649399,1105.1666666666667,3.0383059810913555,1.3952027480720952,1.718414911088117,0.5096422147102716,1.3952027480720952,3,2,2,2,2,6,3,4,8,8
1640909284,lLN2F_b(Full)_R,lLN2F_b,lLN2F,lLN2F,7640.0,1840.0,5800.0,0.518324607329843,0.25567422474379886,1905.0,15956.0,0.1193908247681123,11.93908247681123,1.830032589621459,0.2487308849335673,0.3811602888106599,31,48,31,1.0,3.9147824415560244,11,True,0.96875,3.2801228963023075,0.9728087708077724,1.0,0.5021269633507854,0.518324607329843,1.647038149337661,1.7001684122195209,0.5042307241359658,0.4786078471781906,0.45440163013360413,1697.75,3.2276730652875734,1.4669281692274,1.5449956908134583,0.458210075170618,1.4669281692274,2,3,3,3,3,1,4,3,7,7
5813024698,lLN2F_b(Full)_R,lLN2F_b,lLN2F,lLN2F,7025.0,1700.0,5325.0,0.5160142348754448,0.34256655326530194,1636.0,16264.0,0.10059026069847515,10.059026069847516,1.7646335464830298,0.22353391266327813,0.49692253093424116,27,45,27,1.0,3.818825564835639,13,True,0.84375,3.2140486794119414,0.9532126825674008,1.0,0.4353870106761566,0.5160142348754448,1.3993550466968139,1.6584948701591868,0.4918713130685876,0.4786078471781906,0.45440163013360413,1697.75,3.2276730652875734,1.4669281692274,1.5449956908134583,0.458210075170618,1.4669281692274,2,3,3,3,3,2,10,9,10,10
1670287030,lLN2F_a(Full)_R,lLN2F_a,lLN2F,lLN2F,3472.0,933.0,2539.0,0.46255760368663595,0.17085614117378484,1439.0,11663.0,0.12338163422790019,12.33816342279002,2.5465146188802192,0.25704507130812543,0.33672394891648094,32,48,32,1.0,3.363903173521744,17,True,1.0,3.1583624920952498,0.9366974442220356,1.0,0.46255760368663595,0.46255760368663595,1.4609245859173303,1.4609245859173303,0.43327652517874116,0.4786078471781906,0.45440163013360413,1697.75,3.2276730652875734,1.4669281692274,1.5449956908134583,0.458210075170618,1.4669281692274,2,3,3,3,3,3,8,6,14,14
5901218894,lLN2F_a(Full)_R,lLN2F_a,lLN2F,lLN2F,3935.0,1146.0,2789.0,0.41753494282083864,0.1382053787762963,1811.0,11694.0,0.15486574311612794,15.486574311612793,2.8903711304942705,0.32263696482526655,0.2710825010231328,32,48,32,1.0,3.1324250057150205,20,True,1.0,3.2581581933407944,0.966294546687318,1.0,0.41753494282083864,0.41753494282083864,1.3603948949577955,1.3603948949577955,0.4034617382991775,0.4786078471781906,0.45440163013360413,1697.75,3.2276730652875734,1.4669281692274,1.5449956908134583,0.458210075170618,1.4669281692274,2,3,3,3,3,4,13,11,15,15
1733056086,v2LN35_R,v2LN35,v2LN35,v2LN3,81.0,18.0,63.0,0.5555555555555556,0.453030303030303,39.0,474.0,0.08227848101265824,8.227848101265824,6.5400843881856545,1.1754068716094035,0.5934343434343434,5,7,2,1.0,2.0493774745077427,35,True,0.15625,1.6020599913279623,0.47513403009410565,0.2,0.08680555555555555,0.11111111111111112,0.13906770758055229,0.17800666570310694,0.052792670010456184,0.3826734413447097,0.08530861534528489,117.33333333333333,1.9675228402237515,0.16860815842923882,0.21581844278942572,0.0640067706866429,0.16860815842923882,7,7,7,4,7,1,44,51,51,51
1764388538,v2LN35_R,v2LN35,v2LN35,v2LN3,38.0,12.0,26.0,0.3684210526315789,0.4107142857142857,226.0,671.0,0.3368107302533532,33.681073025335316,16.84053651266766,1.08648622662372,0.25510204081632654,8,31,3,0.76,1.5189860048947927,46,True,0.25,2.3560258571931225,0.6987429101242232,0.32,0.09210526315789473,0.11789473684210526,0.21700238158357707,0.27776304842697863,0.0823781115093821,0.3826734413447097,0.08530861534528489,117.33333333333333,1.9675228402237515,0.16860815842923882,0.21581844278942572,0.0640067706866429,0.16860815842923882,7,7,7,4,7,2,42,43,43,43
1668944259,v2LN35_R,v2LN35,v2LN35,v2LN3,183.0,71.0,112.0,0.22404371584699453,0.10801601400581858,87.0,586.0,0.14846416382252559,14.846416382252558,10.06825938566553,0.927901023890785,0.26845086377796656,11,16,7,1.0,1.0031191770142431,53,True,0.34375,1.9444826721501687,0.5766886967204295,0.44,0.07701502732240437,0.09857923497267759,0.1497543861235871,0.1916856142381915,0.05684953054009043,0.3826734413447097,0.08530861534528489,117.33333333333333,1.9675228402237515,0.16860815842923882,0.21581844278942572,0.0640067706866429,0.16860815842923882,7,7,7,4,7,3,46,48,48,48
1916800213,lLN2T_a(Tortuous)_R,lLN2T_a,lLN2T,lLN2T,876.0,177.0,699.0,0.5958904109589042,0.5380140131636806,719.0,3294.0,0.2182756527018822,21.82756527018822,3.764420157862781,0.7795559025067221,0.5606803028684745,18,28,18,1.0,3.9205127085265676,10,True,0.5625,2.8573324964312685,0.8474188929859612,0.72,0.3351883561643836,0.429041095890411,0.9577445824938713,1.2259130655921553,0.3635775305249357,0.34805901081227897,0.28114385952047266,1659.5,3.204580292340686,0.8972852577635935,1.0518064133774794,0.3119415145325625,0.8972852577635935,4,4,4,5,4,1,18,19,18,18
5813056598,lLN2T_a(Tortuous)_R,lLN2T_a,lLN2T,lLN2T,688.0,142.0,546.0,0.5872093023255814,0.6516443837547734,1550.0,4670.0,0.3319057815845824,33.19057815845824,5.524625267665953,0.6914703783012134,0.659404166878287,22,48,22,1.0,4.314024252795527,3,True,0.6875,3.190611797813605,0.9462618442299267,0.88,0.40370639534883723,0.5167441860465116,1.2880703878528035,1.6487300964515885,0.48897530648346443,0.34805901081227897,0.28114385952047266,1659.5,3.204580292340686,0.8972852577635935,1.0518064133774794,0.3119415145325625,0.8972852577635935,4,4,4,5,4,2,14,13,11,11
5813054726,lLN2T_a(Tortuous)_R,lLN2T_a,lLN2T,lLN2T,1134.0,251.0,883.0,0.5573192239858906,0.2550071604457552,1638.0,5650.0,0.28991150442477875,28.991150442477874,5.0265486725663715,0.6039823008849557,0.4287866039119854,28,48,28,1.0,4.125188604732011,6,True,0.875,3.214578953570499,0.9533699496481431,1.0,0.48765432098765427,0.5573192239858906,1.567603316864626,1.7915466478452868,0.5313314005093708,0.34805901081227897,0.28114385952047266,1659.5,3.204580292340686,0.8972852577635935,1.0518064133774794,0.3119415145325625,0.8972852577635935,4,4,4,5,4,3,5,5,4,4
1672320134,lLN2T_a(Tortuous)_R,lLN2T_a,lLN2T,lLN2T,503.0,128.0,375.0,0.49105367793240556,0.22693394476361445,1326.0,4760.0,0.2785714285714285,27.857142857142854,6.449579831932774,0.6055900621118012,0.37422030443893256,25,46,25,1.0,3.5310079134792347,15,True,0.78125,3.1228709228644354,0.9261714636630788,1.0,0.3836356858846918,0.49105367793240556,1.1980447284224582,1.5334972523807466,0.45479990362779416,0.34805901081227897,0.28114385952047266,1659.5,3.204580292340686,0.8972852577635935,1.0518064133774794,0.3119415145325625,0.8972852577635935,4,4,4,5,4,4,15,16,13,13
1730327790,lLN2T_a(Tortuous)_R,lLN2T_a,lLN2T,lLN2T,1470.0,443.0,1027.0,0.39727891156462586,0.4001990767212758,2109.0,5877.0,0.3588565594691169,35.88565594691169,4.79836651352731,0.7635245946151423,0.32914640888947844,27,47,27,1.0,3.0409488736452692,21,True,0.84375,3.3242824552976926,0.9859054771397643,1.0,0.3352040816326531,0.39727891156462586,1.1143130475156042,1.3206673155740494,0.39167945486368866,0.34805901081227897,0.28114385952047266,1659.5,3.204580292340686,0.8972852577635935,1.0518064133774794,0.3119415145325625,0.8972852577635935,4,4,4,5,4,5,17,17,16,16
5813034493,lLN2T_b(Tortuous)_R,lLN2T_b,lLN2T,lLN2T,4414.0,1376.0,3038.0,0.3765292251925691,0.06687456635565968,1758.0,6001.0,0.2929511748041993,29.29511748041993,5.032494584235961,0.681281801870231,0.09847139986728985,27,43,27,1.0,2.8136149156669283,23,True,0.84375,3.245265839457461,0.962470971982784,1.0,0.3176965337562302,0.3765292251925691,1.031009708313138,1.2219374320748302,0.3623984493510165,0.34805901081227897,0.28114385952047266,1659.5,3.204580292340686,0.8972852577635935,1.0518064133774794,0.3119415145325625,0.8972852577635935,4,4,4,5,4,6,20,18,19,19
1640572741,lLN2T_b(Tortuous)_R,lLN2T_b,lLN2T,lLN2T,5485.0,1710.0,3775.0,0.3764813126709207,0.09587972447444508,1982.0,6036.0,0.32836315440689195,32.8363154406892,3.8270377733598413,0.7462798963792999,0.2546287426468563,32,44,32,1.0,2.858383966343369,22,True,1.0,3.2973227142053028,0.9779098399570999,1.0,0.3764813126709207,0.3764813126709207,1.2413803837436554,1.2413803837436554,0.36816478022085897,0.34805901081227897,0.28114385952047266,1659.5,3.204580292340686,0.8972852577635935,1.0518064133774794,0.3119415145325625,0.8972852577635935,4,4,4,5,4,7,16,15,17,17
5813055277,lLN2T_a(Tortuous)_R,lLN2T_a,lLN2T,lLN2T,1044.0,347.0,697.0,0.33524904214559387,0.2040590362054968,1735.0,4276.0,0.40575304022450887,40.57530402245089,8.559401309635174,0.8453188338010601,0.26875147570120483,26,48,26,1.0,2.5007362196619765,25,True,0.8125,3.239549720840473,0.9607757030854349,1.0,0.272389846743295,0.33524904214559387,0.8824204519770206,1.0860559408947945,0.32209913417615155,0.34805901081227897,0.28114385952047266,1659.5,3.204580292340686,0.8972852577635935,1.0518064133774794,0.3119415145325625,0.8972852577635935,4,4,4,5,4,8,23,22,21,21
1667251683,lLN2T_d(Tortuous)_R,lLN2T_d,lLN2T,lLN2T,2548.0,856.0,1692.0,0.3281004709576138,-0.007005444656792705,1781.0,7078.0,0.2516247527550155,25.16247527550155,3.334275218988415,0.5242182349062824,0.17888608294230104,28,48,28,1.0,2.4559933219441565,26,True,0.875,3.250907699700856,0.9641442175598425,1.0,0.28708791208791207,0.3281004709576138,0.9332963038976358,1.0666243473115837,0.3163361718524444,0.34805901081227897,0.28114385952047266,1659.5,3.204580292340686,0.8972852577635935,1.0518064133774794,0.3119415145325625,0.8972852577635935,4,4,4,5,4,9,21,20,22,22
5813032595,lLN2T_a(Tortuous)_R,lLN2T_a,lLN2T,lLN2T,778.0,267.0,511.0,0.31362467866323906,0.15934449655224547,1677.0,4099.0,0.4091241766284459,40.91241766284459,9.563308123932666,0.8523420346425956,0.2006566792674586,29,48,29,1.0,2.3287754812784383,28,True,0.90625,3.2247919564926817,0.9563988906765981,1.0,0.2842223650385604,0.31362467866323906,0.9165579966316764,1.0113743411108154,0.2999502947623264,0.34805901081227897,0.28114385952047266,1659.5,3.204580292340686,0.8972852577635935,1.0518064133774794,0.3119415145325625,0.8972852577635935,4,4,4,5,4,10,22,21,23,23
1669924220,lLN2T_d(Tortuous)_R,lLN2T_d,lLN2T,lLN2T,2411.0,830.0,1581.0,0.3114890087100788,0.16349673581029994,926.0,4699.0,0.19706320493722068,19.706320493722068,3.745477761225793,0.5630377283920591,0.282803973834033,21,35,20,1.0,2.1280784436913964,32,True,0.65625,2.967079734144497,0.879967391561947,0.84,0.2044146619659892,0.2616507673164662,0.6065146008812845,0.7763386891280443,0.2302441432156527,0.34805901081227897,0.28114385952047266,1659.5,3.204580292340686,0.8972852577635935,1.0518064133774794,0.3119415145325625,0.8972852577635935,4,4,4,5,4,11,29,29,29,29
1704347707,lLN2T_c(Tortuous)_R,lLN2T_c,lLN2T,lLN2T,2927.0,1041.0,1886.0,0.28869149299624186,0.07904793218284592,1672.0,5622.0,0.29740305940946277,29.74030594094628,7.915332621842761,0.660895687576584,0.18333000371322905,29,45,29,1.0,2.1427761453139276,31,True,0.90625,3.2234959409623944,0.9560145223724752,1.0,0.2616266655278442,0.28869149299624186,0.8433524943765318,0.9305958558637591,0.27599325978979894,0.34805901081227897,0.28114385952047266,1659.5,3.204580292340686,0.8972852577635935,1.0518064133774794,0.3119415145325625,0.8972852577635935,4,4,4,5,4,12,24,24,24,24
1762354941,lLN2T_a(Tortuous)_R,lLN2T_a,lLN2T,lLN2T,780.0,283.0,497.0,0.2743589743589744,0.08241843734121787,1676.0,4160.0,0.4028846153846154,40.28846153846154,7.5,0.8393429487179488,0.11168804199782756,29,48,29,1.0,2.037050021833547,37,True,0.90625,3.2245330626060857,0.9563221087231314,1.0,0.24863782051282055,0.2743589743589744,0.8017408728579075,0.8846795838432082,0.26237555290608994,0.34805901081227897,0.28114385952047266,1659.5,3.204580292340686,0.8972852577635935,1.0518064133774794,0.3119415145325625,0.8972852577635935,4,4,4,5,4,13,25,25,26,26
1671292719,lLN2T_c(Tortuous)_R,lLN2T_c,lLN2T,lLN2T,2074.0,767.0,1307.0,0.26036644165863065,0.12106855875239772,1647.0,5300.0,0.31075471698113205,31.075471698113205,7.90566037735849,0.6474056603773585,0.17211936478123904,29,48,29,1.0,1.9286169545098772,41,True,0.90625,3.216957207361097,0.954075284850464,1.0,0.23595708775313404,0.26036644165863065,0.7590638540753794,0.8375877010486945,0.24840918699095976,0.34805901081227897,0.28114385952047266,1659.5,3.204580292340686,0.8972852577635935,1.0518064133774794,0.3119415145325625,0.8972852577635935,4,4,4,5,4,14,26,26,27,27
1699974843,lLN2T_e(Tortuous)_R,lLN2T_e,lLN2T,lLN2T,1216.0,579.0,637.0,0.047697368421052634,-0.06448710107425938,2353.0,5860.0,0.40153583617747446,40.153583617747444,4.4027303754266205,0.8729039916901616,-0.05223018891391856,27,46,27,1.0,0.3703162291887935,67,True,0.84375,3.371806458507416,1.0,1.0,0.04024465460526316,0.047697368421052634,0.13569718631842653,0.16082629489591294,0.047697368421052634,0.34805901081227897,0.28114385952047266,1659.5,3.204580292340686,0.8972852577635935,1.0518064133774794,0.3119415145325625,0.8972852577635935,4,4,4,5,4,15,53,52,52,52
1640922516,lLN2T_e(Tortuous)_R,lLN2T_e,lLN2T,lLN2T,1123.0,546.0,577.0,0.02760463045414069,-0.10516102256004582,2003.0,5548.0,0.3610310021629416,36.10310021629416,5.100937274693583,0.7681510684317905,-0.06696051823871656,28,47,28,1.0,0.2098752576387777,71,True,0.875,3.301897717195208,0.9792666802877072,1.0,0.024154051647373102,0.02760463045414069,0.0797542079954764,0.09114766628054445,0.027032294825395296,0.34805901081227897,0.28114385952047266,1659.5,3.204580292340686,0.8972852577635935,1.0518064133774794,0.3119415145325625,0.8972852577635935,4,4,4,5,4,16,59,58,58,58
5813075196,lLN2R_a(Regional)_R,lLN2R_a,lLN2R,lLN2R,887.0,176.0,711.0,0.6031567080045096,0.4234163674801383,553.0,2765.0,0.20000000000000004,20.000000000000004,4.990958408679927,0.6896551724137931,0.511510884330151,17,29,16,1.0,3.810240256380831,14,True,0.53125,2.74350976472843,0.8136616969239949,0.68,0.32042700112739575,0.41014656144306655,0.8790946064756578,1.125241096288842,0.33372054717130706,0.3373191349086436,0.13712241277535514,538.6,2.702412613214512,0.3737447712138223,0.4783933071536926,0.14188041723054917,0.3737447712138223,5,5,5,6,5,1,19,23,20,20
5813034531,lLN2R_a(Regional)_R,lLN2R_a,lLN2R,lLN2R,645.0,147.0,498.0,0.5441860465116279,0.6819288119288119,350.0,2334.0,0.14995715509854327,14.995715509854326,4.927163667523565,0.8821009123443723,0.5917302832531258,9,17,9,1.0,3.189358084397704,19,True,0.28125,2.545307116465824,0.7548793644557359,0.36,0.15305232558139537,0.19590697674418606,0.3895651734939699,0.4986434220722814,0.1478861340970958,0.3373191349086436,0.13712241277535514,538.6,2.702412613214512,0.3737447712138223,0.4783933071536926,0.14188041723054917,0.3737447712138223,5,5,5,6,5,2,35,37,37,37
5813024339,lLN2R_a(Regional)_R,lLN2R_a,lLN2R,lLN2R,390.0,112.0,278.0,0.4256410256410256,0.4039102353585113,315.0,2346.0,0.13427109974424553,13.427109974424553,4.092071611253197,1.0328546134172734,0.5245539135194307,6,13,5,1.0,2.4498800191164807,27,True,0.1875,2.499687082618404,0.7413495149792585,0.24,0.0798076923076923,0.10215384615384615,0.1994942575551226,0.25535264967055693,0.07573170429941964,0.3373191349086436,0.13712241277535514,538.6,2.702412613214512,0.3737447712138223,0.4783933071536926,0.14188041723054917,0.3737447712138223,5,5,5,6,5,3,45,44,44,44
5813076969,lLN2R_b(Regional)_R,lLN2R_b,lLN2R,lLN2R,470.0,163.0,307.0,0.30638297872340425,0.09388505337941715,865.0,2195.0,0.3940774487471526,39.40774487471526,6.195899772209567,0.9611645091393964,0.17675947587953336,22,41,22,1.0,2.0723392060276398,33,True,0.6875,2.937517892017347,0.8712000312490314,0.88,0.21063829787234042,0.26961702127659576,0.6187537687440794,0.7920048239924217,0.234890357361441,0.3373191349086436,0.13712241277535514,538.6,2.702412613214512,0.3737447712138223,0.4783933071536926,0.14188041723054917,0.3737447712138223,5,5,5,6,5,4,28,28,28,28
1702305987,lLN2R_b(Regional)_R,lLN2R_b,lLN2R,lLN2R,166.0,99.0,67.0,-0.1927710843373494,-0.4353202353202352,610.0,1192.0,0.511744966442953,51.174496644295296,16.69463087248322,1.5992030201342282,-0.4794195541183493,13,32,12,1.0,0.0,111,True,0.40625,2.786041210242554,0.8262755423618946,0.52,-0.0783132530120482,-0.1002409638554217,-0.2181839501997181,-0.27927545625563915,-0.08282665677651764,0.3373191349086436,0.13712241277535514,538.6,2.702412613214512,0.3737447712138223,0.4783933071536926,0.14188041723054917,0.3737447712138223,5,5,5,6,5,5,83,86,86,86
1670916819,lLN2P_a(Patchy)_R,lLN2P_a,lLN2P,lLN2P,562.0,174.0,388.0,0.3807829181494662,0.11171445931736748,1016.0,1840.0,0.5521739130434783,55.21739130434783,41.52173913043478,2.760869565217391,0.18836586571463548,13,20,11,1.0,2.6367741152213378,24,True,0.40625,3.0073209529227447,0.8919020085909627,0.52,0.15469306049822062,0.19800711743772242,0.46521168210804464,0.5954709530982972,0.17660294575801128,0.17885798933328306,0.0944275299428983,1173.2857142857142,3.061455530814557,0.288091411944127,0.36875700728848265,0.10936482026068568,0.288091411944127,6,6,6,7,6,1,34,33,33,33
2135408892,lLN2P_a(Patchy)_R,lLN2P_a,lLN2P,lLN2P,1003.0,337.0,666.0,0.32801595214356927,0.22851313386464078,1059.0,2071.0,0.5113471752776436,51.13471752776436,35.296957991308545,1.966719904914014,0.2572021639276983,18,26,16,1.0,2.2849670563887448,29,True,0.5625,3.0253058652647704,0.8972359186369109,0.72,0.1845089730807577,0.23617148554336986,0.5581960784551959,0.7144909804226508,0.21190153978734938,0.17885798933328306,0.0944275299428983,1173.2857142857142,3.061455530814557,0.288091411944127,0.36875700728848265,0.10936482026068568,0.288091411944127,6,6,6,7,6,2,30,30,30,30
1857799548,lLN2P_a(Patchy)_R,lLN2P_a,lLN2P,lLN2P,1038.0,367.0,671.0,0.2928709055876686,0.2835736050576708,927.0,1768.0,0.5243212669683258,52.43212669683258,34.78506787330316,2.0166202575704837,0.3265680421229318,17,26,16,1.0,2.001196191490371,39,True,0.53125,2.967547976218862,0.8801062613577455,0.68,0.15558766859344894,0.19915221579961465,0.4617138710591004,0.5909937549556485,0.1752751120885098,0.17885798933328306,0.0944275299428983,1173.2857142857142,3.061455530814557,0.288091411944127,0.36875700728848265,0.10936482026068568,0.288091411944127,6,6,6,7,6,3,33,34,34,34
2105086391,lLN2P_c(Patchy)_R,lLN2P_c,lLN2P,lLN2P,394.0,143.0,251.0,0.27411167512690354,-0.23597422191739845,1160.0,1911.0,0.6070120355834641,60.70120355834641,14.33804290947148,1.6405730691444975,-0.0628387335492566,15,37,14,1.0,1.9344162284857163,40,True,0.46875,3.064832219738574,0.9089585234068479,0.6,0.12848984771573604,0.16446700507614212,0.39379982518849066,0.504063776241268,0.1494936860831567,0.17885798933328306,0.0944275299428983,1173.2857142857142,3.061455530814557,0.288091411944127,0.36875700728848265,0.10936482026068568,0.288091411944127,6,6,6,7,6,4,36,35,35,35
5813132949,lLN2P_c(Patchy)_R,lLN2P_c,lLN2P,lLN2P,566.0,207.0,359.0,0.26855123674911663,0.04210451727562588,1271.0,2154.0,0.5900649953574745,59.006499535747444,12.488393686165274,1.5947702577229037,0.12669892573323704,19,37,18,1.0,1.9196970902346473,42,True,0.59375,3.104487111312395,0.9207192493149936,0.76,0.159452296819788,0.20409893992932865,0.4950176003461903,0.6336225284431235,0.18791782275771746,0.17885798933328306,0.0944275299428983,1173.2857142857142,3.061455530814557,0.288091411944127,0.36875700728848265,0.10936482026068568,0.288091411944127,6,6,6,7,6,5,32,32,32,32
1858171556,lLN2P_c(Patchy)_R,lLN2P_c,lLN2P,lLN2P,483.0,187.0,296.0,0.22567287784679088,0.11300967883805807,997.0,1734.0,0.5749711649365629,57.497116493656286,13.206459054209919,1.5130820129909548,0.19104099483109258,16,38,16,1.0,1.558441215565113,45,True,0.5,2.999130541287371,0.8894729214721844,0.64,0.11283643892339544,0.14443064182194618,0.3384112101452623,0.4331663489859358,0.12846714493146913,0.17885798933328306,0.0944275299428983,1173.2857142857142,3.061455530814557,0.288091411944127,0.36875700728848265,0.10936482026068568,0.288091411944127,6,6,6,7,6,6,40,40,40,40
2041621893,lLN2P_a(Patchy)_R,lLN2P_a,lLN2P,lLN2P,1838.0,728.0,1110.0,0.20783460282916214,0.08425772412307243,1098.0,1956.0,0.5613496932515338,56.134969325153385,38.190184049079754,2.44065084022406,0.009719291930423339,19,23,17,1.0,1.4552903017313292,47,True,0.59375,3.0409976924234905,0.9018897525244188,0.76,0.12340179542981501,0.15795429815016324,0.37526457514298306,0.4803386561830184,0.142457362868819,0.17885798933328306,0.0944275299428983,1173.2857142857142,3.061455530814557,0.288091411944127,0.36875700728848265,0.10936482026068568,0.288091411944127,6,6,6,7,6,7,37,38,38,38
1639886198,lLN2P_c(Patchy)_R,lLN2P_c,lLN2P,lLN2P,526.0,210.0,316.0,0.20152091254752852,0.05526758597906,1274.0,2096.0,0.6078244274809161,60.78244274809161,11.927480916030534,1.6884011874469889,0.025651389663857518,19,36,18,1.0,1.441015883088988,48,True,0.59375,3.1055101847699738,0.9210226692977739,0.76,0.11965304182509506,0.1531558935361217,0.3715837400265404,0.4756271872339717,0.14106004988332446,0.17885798933328306,0.0944275299428983,1173.2857142857142,3.061455530814557,0.288091411944127,0.36875700728848265,0.10936482026068568,0.288091411944127,6,6,6,7,6,8,38,39,39,39
1762704980,lLN2P_c(Patchy)_R,lLN2P_c,lLN2P,lLN2P,549.0,248.0,301.0,0.0965391621129326,-0.014245105629310462,1148.0,2199.0,0.5220554797635288,52.20554797635288,10.413824465666211,1.4109607561176456,0.04242008882419326,16,37,15,1.0,0.6802774239088962,55,True,0.5,3.060320028688285,0.9076203116483099,0.64,0.0482695810564663,0.06178506375227687,0.14772036568349645,0.18908206807487546,0.05607737881805223,0.17885798933328306,0.0944275299428983,1173.2857142857142,3.061455530814557,0.288091411944127,0.36875700728848265,0.10936482026068568,0.288091411944127,6,6,6,7,6,9,51,49,49,49
1671257931,lLN2P_b(Patchy)_R,lLN2P_b,lLN2P,lLN2P,1341.0,615.0,726.0,0.08277404921700224,-0.055715604798201035,1739.0,4614.0,0.37689640225400955,37.68964022540096,16.276549631556133,0.9422410056350238,0.11835680035223671,20,40,19,1.0,0.6176301890642445,57,True,0.625,3.2405492482826,0.9610721398632948,0.8,0.0517337807606264,0.06621923937360179,0.16764586435466472,0.21458670637397081,0.06364146608490721,0.17885798933328306,0.0944275299428983,1173.2857142857142,3.061455530814557,0.288091411944127,0.36875700728848265,0.10936482026068568,0.288091411944127,6,6,6,7,6,10,49,46,46,46
1701947337,lLN2P_b(Patchy)_R,lLN2P_b,lLN2P,lLN2P,1643.0,756.0,887.0,0.07973219720024345,-0.26200218350135485,1473.0,3857.0,0.38190303344568316,38.19030334456831,15.815400570391496,1.1572819195323734,-0.11967548984301259,21,33,19,1.0,0.5817049875411783,58,True,0.65625,3.1684974835230326,0.9397032488411624,0.84,0.05232425441265977,0.0669750456482045,0.1657892684337314,0.2122102635951762,0.06293666798690292,0.17885798933328306,0.0944275299428983,1173.2857142857142,3.061455530814557,0.288091411944127,0.36875700728848265,0.10936482026068568,0.288091411944127,6,6,6,7,6,11,48,47,47,47
1640555311,lLN2P_c(Patchy)_R,lLN2P_c,lLN2P,lLN2P,278.0,129.0,149.0,0.07194244604316546,-0.10255150556441804,1094.0,1802.0,0.607103218645949,60.710321864594896,11.820199778024417,1.9583974795030612,-0.14093814975204297,15,31,13,1.0,0.5034899023201871,60,True,0.46875,3.0394141191761372,0.9014201012360545,0.6,0.03372302158273381,0.043165467625899276,0.10249822793984276,0.1311977317629987,0.03891022019723976,0.17885798933328306,0.0944275299428983,1173.2857142857142,3.061455530814557,0.288091411944127,0.36875700728848265,0.10936482026068568,0.288091411944127,6,6,6,7,6,12,55,55,55,55
5813039309,lLN2P_b(Patchy)_R,lLN2P_b,lLN2P,lLN2P,886.0,439.0,447.0,0.009029345372460492,-0.12843763340521624,782.0,2458.0,0.31814483319772174,31.814483319772176,12.205044751830757,1.3832384052074858,0.0382430364801488,16,23,13,1.0,0.06016372637463476,74,True,0.5,2.8937617620579434,0.8582229726610445,0.64,0.004514672686230246,0.005778781038374715,0.013064387187620506,0.016722415600154247,0.004959482641111225,0.17885798933328306,0.0944275299428983,1173.2857142857142,3.061455530814557,0.288091411944127,0.36875700728848265,0.10936482026068568,0.288091411944127,6,6,6,7,6,13,61,61,61,61
1946178096,lLN2P_b(Patchy)_R,lLN2P_b,lLN2P,lLN2P,1692.0,859.0,833.0,-0.015366430260047281,-0.14155678303326685,1388.0,4024.0,0.34493041749502984,34.493041749502986,13.469184890656063,1.077907554671968,-0.0013764179376383483,15,32,14,1.0,0.0,110,True,0.46875,3.1427022457376155,0.9320529764714856,0.6,-0.007203014184397163,-0.009219858156028368,-0.022636928853384863,-0.028975268932332623,-0.008593396236971142,0.17885798933328306,0.0944275299428983,1173.2857142857142,3.061455530814557,0.288091411944127,0.36875700728848265,0.10936482026068568,0.288091411944127,6,6,6,7,6,14,65,67,67,67
1578826464,lLN1_c_R,lLN1_c,lLN1,lLN1,216.0,58.0,158.0,0.4629629629629629,0.054083892328861356,1220.0,3723.0,0.32769272092398605,32.7692720923986,5.42573193661026,0.697218555157417,-0.01074563089769792,16,47,16,1.0,3.290474756532733,18,True,0.5,3.0867156639448825,0.9154486480553414,0.64,0.23148148148148145,0.2962962962962963,0.714517514802056,0.9145824189466318,0.2712440438682493,0.07051670879837668,0.04033086608772769,1541.4375,3.1842278920467404,0.12743818446940094,0.1631208761208332,0.04837788827091852,0.12743818446940094,8,8,8,8,8,1,27,27,25,25
5813130064,lLN1_a_R,lLN1_a,lLN1,lLN1,108.0,39.0,69.0,0.2777777777777778,0.26123376623376626,1554.0,4163.0,0.37328849387460966,37.32884938746096,10.905596925294258,0.8114967258143687,0.2950842490842491,20,46,20,1.0,2.0414530068370373,36,True,0.625,3.1917303933628562,0.9465935938611751,0.8,0.1736111111111111,0.22222222222222224,0.5541198599588292,0.7092734207473015,0.21035413196915004,0.07051670879837668,0.04033086608772769,1541.4375,3.1842278920467404,0.12743818446940094,0.1631208761208332,0.04837788827091852,0.12743818446940094,8,8,8,8,8,2,31,31,31,31
1640887603,lLN1_b_R,lLN1_b,lLN1,lLN1,144.0,58.0,86.0,0.19444444444444445,0.1209628133541177,1234.0,3515.0,0.3510668563300142,35.10668563300142,5.5761024182076815,0.7021337126600286,0.11512305478073036,18,50,18,1.0,1.384216215095404,50,True,0.5625,3.0916669575956846,0.9169170875140504,0.72,0.109375,0.13999999999999999,0.338151073487028,0.4328333740633958,0.12836839225196706,0.07051670879837668,0.04033086608772769,1541.4375,3.1842278920467404,0.12743818446940094,0.1631208761208332,0.04837788827091852,0.12743818446940094,8,8,8,8,8,3,41,41,41,41
5813069055,lLN1_b_R,lLN1_b,lLN1,lLN1,88.0,36.0,52.0,0.18181818181818182,0.30367331081616794,1883.0,4935.0,0.38156028368794326,38.156028368794324,6.605876393110435,0.7631205673758865,0.24329642109303126,21,50,21,1.0,1.3711186282066017,51,True,0.65625,3.2750808984568587,0.9713134305776927,0.84,0.11931818181818182,0.15272727272727274,0.39077669811132976,0.5001941735825021,0.14834605121550218,0.07051670879837668,0.04033086608772769,1541.4375,3.1842278920467404,0.12743818446940094,0.1631208761208332,0.04837788827091852,0.12743818446940094,8,8,8,8,8,4,39,36,36,36
1824101645,lLN1_c_R,lLN1_c,lLN1,lLN1,136.0,59.0,77.0,0.1323529411764706,0.0444959802102659,1625.0,4310.0,0.37703016241299303,37.7030162412993,6.937354988399072,0.7694493110469245,0.19084824033476155,21,49,21,1.0,0.9786015383966147,54,True,0.65625,3.2111205412580492,0.9523442643500669,0.84,0.08685661764705882,0.1111764705882353,0.2789070690706669,0.3570010484104537,0.10587827409538979,0.07051670879837668,0.04033086608772769,1541.4375,3.1842278920467404,0.12743818446940094,0.1631208761208332,0.04837788827091852,0.12743818446940094,8,8,8,8,8,5,43,42,42,42
5813054725,lLN1_b_R,lLN1_b,lLN1,lLN1,147.0,68.0,79.0,0.07482993197278912,-0.03147075338619774,1659.0,4524.0,0.366710875331565,36.6710875331565,6.38815207780725,0.7483895414929896,-0.133309733378487,19,49,19,1.0,0.5548319843187516,59,True,0.59375,3.220108088040055,0.9550097633615328,0.76,0.04443027210884354,0.05687074829931973,0.14307027857150756,0.18312995657152967,0.05431211987552662,0.07051670879837668,0.04033086608772769,1541.4375,3.1842278920467404,0.12743818446940094,0.1631208761208332,0.04837788827091852,0.12743818446940094,8,8,8,8,8,6,52,50,50,50
1610530558,lLN1_b_R,lLN1_b,lLN1,lLN1,83.0,39.0,44.0,0.060240963855421686,0.11084656084656085,1467.0,4108.0,0.3571080817916261,35.71080817916261,6.572541382667965,0.7439751703992211,0.03223548785508439,18,48,18,1.0,0.4392563981430398,61,True,0.5625,3.166726055580052,0.9391778841843295,0.72,0.0338855421686747,0.043373493975903614,0.10730622929299874,0.1373519734950384,0.04073542630197092,0.07051670879837668,0.04033086608772769,1541.4375,3.1842278920467404,0.12743818446940094,0.1631208761208332,0.04837788827091852,0.12743818446940094,8,8,8,8,8,7,54,54,54,54
1547454812,lLN1_c_R,lLN1_c,lLN1,lLN1,95.0,45.0,50.0,0.05263157894736842,-0.026065162907268173,1443.0,4045.0,0.35673671199011125,35.673671199011125,5.933250927070458,0.759014280830024,0.0002945508100147108,19,47,19,1.0,0.38290380628698795,64,True,0.59375,3.1595671932336202,0.9370547307843562,0.76,0.03125,0.04,0.09873647478855063,0.1263826877293448,0.037482189231374245,0.07051670879837668,0.04033086608772769,1541.4375,3.1842278920467404,0.12743818446940094,0.1631208761208332,0.04837788827091852,0.12743818446940094,8,8,8,8,8,8,56,56,56,56
1642623277,lLN1_b_R,lLN1_b,lLN1,lLN1,194.0,92.0,102.0,0.05154639175257732,0.08802439390674684,1658.0,4671.0,0.3549561121815457,35.49561121815457,7.42881609933633,0.7394919003782202,0.17520740533292836,17,48,17,1.0,0.38216341702012596,65,True,0.53125,3.219846386024361,0.9549321485817657,0.68,0.0273840206185567,0.03505154639175258,0.08817233982347637,0.11286059497404977,0.033471848506989726,0.07051670879837668,0.04033086608772769,1541.4375,3.1842278920467404,0.12743818446940094,0.1631208761208332,0.04837788827091852,0.12743818446940094,8,8,8,8,8,9,58,57,57,57
5813078440,lLN1_b_R,lLN1_b,lLN1,lLN1,75.0,38.0,37.0,-0.013333333333333334,0.028571428571428553,1776.0,4968.0,0.35748792270531404,35.7487922705314,7.024959742351047,0.7295671891945182,-0.021560846560846576,21,49,21,1.0,0.0,87,True,0.65625,3.2496874278053016,0.9637823130701956,0.84,-0.00875,-0.0112,-0.02843476499329639,-0.03639649919141938,-0.01079436190638619,0.07051670879837668,0.04033086608772769,1541.4375,3.1842278920467404,0.12743818446940094,0.1631208761208332,0.04837788827091852,0.12743818446940094,8,8,8,8,8,10,66,68,68,68
5813062199,lLN1_c_R,lLN1_c,lLN1,lLN1,148.0,76.0,72.0,-0.02702702702702703,-0.3096416170634921,1470.0,4040.0,0.36386138613861385,36.386138613861384,5.816831683168317,0.7580445544554455,-0.34109783601690075,16,48,16,1.0,0.0,90,True,0.5,3.16761267272753,0.9394408343739055,0.64,-0.013513513513513514,-0.017297297297297298,-0.04280557665848014,-0.05479113812285458,-0.016249787405386473,0.07051670879837668,0.04033086608772769,1541.4375,3.1842278920467404,0.12743818446940094,0.1631208761208332,0.04837788827091852,0.12743818446940094,8,8,8,8,8,11,69,69,69,69
5813054777,lLN1_b_R,lLN1_b,lLN1,lLN1,366.0,191.0,175.0,-0.04371584699453552,0.007279635258358666,1452.0,4119.0,0.35251274581209036,35.25127458120904,5.802379218256858,0.7344015537751881,-0.10281901853581742,20,48,19,1.0,0.0,86,True,0.625,3.1622656142980214,0.9378550202130668,0.8,-0.0273224043715847,-0.034972677595628415,-0.08640069984420823,-0.11059289580058654,-0.032799301253353154,0.07051670879837668,0.04033086608772769,1541.4375,3.1842278920467404,0.12743818446940094,0.1631208761208332,0.04837788827091852,0.12743818446940094,8,8,8,8,8,12,74,74,74,74
1670597533,lLN1_a_R,lLN1_a,lLN1,lLN1,118.0,62.0,56.0,-0.05084745762711865,-0.12500942684766214,1753.0,3668.0,0.47791712104689205,47.7917121046892,14.258451472191929,1.0389502631454177,-0.11268181290805727,16,46,16,1.0,0.0,84,True,0.5,3.244029589030022,0.9621043286292427,0.64,-0.025423728813559324,-0.03254237288135593,-0.08247532853466158,-0.10556842052436681,-0.03130915781301942,0.07051670879837668,0.04033086608772769,1541.4375,3.1842278920467404,0.12743818446940094,0.1631208761208332,0.04837788827091852,0.12743818446940094,8,8,8,8,8,13,72,73,73,73
5813047691,lLN1_c_R,lLN1_c,lLN1,lLN1,97.0,51.0,46.0,-0.05154639175257732,-0.1423015873015873,1223.0,3505.0,0.34893009985734663,34.893009985734665,6.447931526390869,0.7424044677815886,-0.29032390323903234,20,47,20,1.0,0.0,89,True,0.625,3.087781417809542,0.9157647260621234,0.8,-0.03221649484536082,-0.041237113402061855,-0.09947749413046204,-0.12733119248699143,-0.0377634938582319,0.07051670879837668,0.04033086608772769,1541.4375,3.1842278920467404,0.12743818446940094,0.1631208761208332,0.04837788827091852,0.12743818446940094,8,8,8,8,8,14,75,78,78,78
5813054622,lLN1_b_R,lLN1_b,lLN1,lLN1,68.0,36.0,32.0,-0.058823529411764705,-0.1903968253968254,1835.0,5027.0,0.36502884424109805,36.50288442410981,6.803262383131092,0.760476758835621,-0.22832027325698212,20,48,20,1.0,0.0,85,True,0.625,3.2638726768652235,0.9679893306539394,0.8,-0.03676470588235294,-0.047058823529411764,-0.11999531900239793,-0.15359400832306935,-0.04555243908959715,0.07051670879837668,0.04033086608772769,1541.4375,3.1842278920467404,0.12743818446940094,0.1631208761208332,0.04837788827091852,0.12743818446940094,8,8,8,8,8,15,76,79,79,79
1702651358,lLN1_c_R,lLN1_c,lLN1,lLN1,113.0,63.0,50.0,-0.11504424778761062,-0.05002570528886321,1411.0,3879.0,0.3637535447280227,36.37535447280227,6.548079401907708,0.7739437121872824,-0.08853856423949882,19,47,19,1.0,0.0,88,True,0.59375,3.149834696715785,0.9341682968690053,0.76,-0.06830752212389381,-0.08743362831858408,-0.2151574032325218,-0.27540147613762794,-0.08167772365544931,0.07051670879837668,0.04033086608772769,1541.4375,3.1842278920467404,0.12743818446940094,0.1631208761208332,0.04837788827091852,0.12743818446940094,8,8,8,8,8,16,80,85,85,85
1670278227,lLN11_R,lLN11,lLN11,other lLN,34.0,15.0,19.0,0.11764705882352941,-0.2416666666666667,235.0,355.0,0.6619718309859155,66.19718309859155,24.788732394366196,2.7582159624413145,-0.22716049382716047,8,24,7,0.68,0.4371065444020489,62,True,0.25,2.3729120029701067,0.7037509513581376,0.32,0.029411764705882353,0.037647058823529415,0.06979152949912079,0.08933315775887461,0.026494153462894594,0.06242651799597982,0.012765720408085865,204.0,2.2689898905113215,0.028302458040611208,0.03622714629198235,0.010744135743787284,0.028302458040611208,9,9,9,9,9,1,57,59,59,59
1979569670,lLN11_R,lLN11,lLN11,other lLN,33.0,15.0,18.0,0.09090909090909091,0.14317460317460315,95.0,210.0,0.45238095238095233,45.238095238095234,10.952380952380953,3.7698412698412693,0.08894362342638205,5,12,4,0.66,0.2738608914880702,68,True,0.15625,1.9822712330395684,0.587895912008263,0.2,0.014204545454545456,0.018181818181818184,0.028157261832948418,0.03604129514617398,0.010689016581968419,0.06242651799597982,0.012765720408085865,204.0,2.2689898905113215,0.028302458040611208,0.03622714629198235,0.010744135743787284,0.028302458040611208,9,9,9,9,9,2,60,60,60,60
2040301572,lLN11_R,lLN11,lLN11,other lLN,47.0,24.0,23.0,-0.02127659574468085,-0.3768207282913165,282.0,394.0,0.7157360406091371,71.57360406091371,22.33502538071066,2.4680553124453004,-0.3013872215552888,8,29,7,0.94,0.0,92,True,0.25,2.45178643552429,0.7271432882329826,0.32,-0.005319148936170213,-0.006808510638297872,-0.013041417210235585,-0.01669301402910155,-0.004950762813501158,0.06242651799597982,0.012765720408085865,204.0,2.2689898905113215,0.028302458040611208,0.03622714629198235,0.010744135743787284,0.028302458040611208,9,9,9,9,9,3,64,65,65,65
1826445251,lLN12a_R,lLN12a,lLN12a,other lLN,36.0,11.0,25.0,0.3888888888888889,0.16253006253006252,299.0,401.0,0.745635910224439,74.5635910224439,18.453865336658353,2.9825436408977555,0.1382876382876383,6,25,6,0.72,1.5970590929037363,44,True,0.1875,2.4771212547196626,0.7346570110718039,0.24,0.07291666666666667,0.09333333333333334,0.18062342482330873,0.2311979837738352,0.06856798770003504,-0.025865126412322036,-0.009708922328621368,312.6666666666667,2.491522934348882,-0.02611281734258783,-0.03342440619851243,-0.009912907697943101,-0.02611281734258783,11,11,11,10,11,1,47,45,45,45
1919208947,lLN12a_R,lLN12a,lLN12a,other lLN,34.0,19.0,15.0,-0.11764705882352941,-0.36507936507936506,262.0,354.0,0.7401129943502825,74.01129943502825,18.926553672316384,2.846588439808779,-0.26157407407407407,7,26,7,0.68,0.0,94,True,0.21875,2.419955748489758,0.717703040868185,0.28,-0.025735294117647058,-0.03294117647058824,-0.062278272939074654,-0.07971618936201556,-0.023641982522716685,-0.025865126412322036,-0.009708922328621368,312.6666666666667,2.491522934348882,-0.02611281734258783,-0.03342440619851243,-0.009912907697943101,-0.02611281734258783,11,11,11,10,11,2,73,71,71,71
1918565786,lLN12a_R,lLN12a,lLN12a,other lLN,43.0,29.0,14.0,-0.3488372093023256,-0.5386154461784713,377.0,405.0,0.9308641975308641,93.08641975308642,19.012345679012345,4.432686654908877,-0.5122265122265123,7,21,5,0.86,0.0,93,True,0.21875,2.5774917998372255,0.7644245989665117,0.28,-0.07630813953488372,-0.09767441860465118,-0.19668360391199757,-0.2517550130073569,-0.07466472827114766,-0.025865126412322036,-0.009708922328621368,312.6666666666667,2.491522934348882,-0.02611281734258783,-0.03342440619851243,-0.009912907697943101,-0.02611281734258783,11,11,11,10,11,3,81,83,83,83
1761345315,vLN24_R,vLN24,vLN24,vLN,604.0,315.0,289.0,-0.04304635761589404,-0.12434535740035277,473.0,1467.0,0.3224267211997274,32.24267211997274,20.7225630538514,1.1515240042847406,0.02453301372541287,18,28,16,1.0,0.0,186,True,0.5625,2.6757783416740852,0.7935741195710745,0.72,-0.024213576158940396,-0.030993377483443704,-0.0647901626605687,-0.08293140820552793,-0.0245955422489578,-0.09652317880794702,-0.033200538079470196,340.0,2.4969208383184234,-0.0812917298021551,-0.10405341414675853,-0.030859841876220685,-0.0812917298021551,12,12,12,11,12,1,71,72,72,72
1763037543,vLN24,vLN24,vLN24,vLN,80.0,46.0,34.0,-0.15,0.05702075702075701,207.0,932.0,0.22210300429184548,22.21030042918455,17.811158798283262,1.8508583690987124,-0.1868131868131868,9,12,4,1.0,0.0,187,True,0.28125,2.3180633349627615,0.6874841019163624,0.36,-0.042187499999999996,-0.054,-0.09779329694374149,-0.12517542008798913,-0.037124141503483574,-0.09652317880794702,-0.033200538079470196,340.0,2.4969208383184234,-0.0812917298021551,-0.10405341414675853,-0.030859841876220685,-0.0812917298021551,12,12,12,11,12,2,78,77,77,77
2040270763,v2LN47_R,v2LN47,v2LN47,other v2LN,68.0,30.0,38.0,0.11764705882352941,0.11764705882352941,24.0,90.0,0.26666666666666666,26.666666666666668,24.444444444444443,13.333333333333332,0.11764705882352941,1,2,1,1.0,0.37869127351390597,66,True,0.03125,1.3979400086720377,0.41459675277176444,0.04,0.003676470588235294,0.004705882352941177,0.005139485326000138,0.0065785412172801785,0.0019510435424553623,-0.10316742081447962,-0.0033842383107088986,17.333333333333332,1.201588628234629,-0.0023480972238284323,-0.003005564446500393,-0.0008913810693128737,-0.0023480972238284323,10,10,10,12,10,1,62,62,62,62
1916152641,v2LN47_R,v2LN47,v2LN47,other v2LN,65.0,33.0,32.0,-0.015384615384615385,0.0541871921182266,22.0,100.0,0.22,22.0,22.0,22.0,,2,1,0,1.0,0.0,181,True,0.0625,1.3617278360175928,0.4038570578633933,0.08,-0.0009615384615384616,-0.0012307692307692308,-0.0013093536884784547,-0.0016759727212524221,-0.0004970548404472534,-0.10316742081447962,-0.0033842383107088986,17.333333333333332,1.201588628234629,-0.0023480972238284323,-0.003005564446500393,-0.0008913810693128737,-0.0023480972238284323,10,10,10,12,10,2,63,63,63,63
2071305421,v2LN47_R,v2LN47,v2LN47,other v2LN,34.0,24.0,10.0,-0.4117647058823529,-0.4117647058823529,6.0,13.0,0.46153846153846156,46.15384615384615,46.15384615384615,46.15384615384615,,1,1,0,0.68,0.0,182,True,0.03125,0.8450980400142568,0.2506365802467657,0.04,-0.012867647058823529,-0.01647058823529412,-0.01087442330900698,-0.013919261835528936,-0.00412813190994673,-0.10316742081447962,-0.0033842383107088986,17.333333333333332,1.201588628234629,-0.0023480972238284323,-0.003005564446500393,-0.0008913810693128737,-0.0023480972238284323,10,10,10,12,10,3,68,64,64,64
1793744512,l2LN19_R,l2LN19,l2LN19,l2LN,89.0,54.0,35.0,-0.21348314606741572,-0.5148607664736697,266.0,637.0,0.4175824175824176,41.75824175824176,16.012558869701728,2.6098901098901095,-0.2621655988049825,6,16,5,1.0,0.0,76,True,0.1875,2.4265112613645754,0.7196472547355846,0.24,-0.04002808988764045,-0.05123595505617977,-0.09712861088327303,-0.12432462193058946,-0.03687181439993557,-0.31128702757916243,-0.05836631767109295,268.0,2.4297402761194906,-0.14187420722233104,-0.18159898524458376,-0.0538580691031037,-0.14187420722233104,14,14,14,13,13,1,77,76,76,76
1702336197,l2LN19_R,l2LN19,l2LN19,l2LN,132.0,93.0,39.0,-0.4090909090909091,-0.602934102934103,270.0,585.0,0.46153846153846156,46.15384615384615,15.384615384615385,2.7149321266968327,-0.536487322201608,6,17,6,1.0,0.0,75,True,0.1875,2.432969290874406,0.721562557286102,0.24,-0.07670454545454546,-0.09818181818181819,-0.18661980356138907,-0.23887334855857806,-0.07084432380627184,-0.31128702757916243,-0.05836631767109295,268.0,2.4297402761194906,-0.14187420722233104,-0.18159898524458376,-0.0538580691031037,-0.14187420722233104,14,14,14,13,13,2,82,82,82,82
1920590638,v2LN3b_R,v2LN3b,v2LN3b,v2LN3,196.0,90.0,106.0,0.08163265306122448,0.012120666778508135,190.0,696.0,0.27298850574712646,27.298850574712645,12.5,0.8029073698444895,0.049943250400452124,20,34,17,1.0,0.4287570145344187,63,True,0.625,2.2810333672477277,0.6765018678614975,0.8,0.0510204081632653,0.06530612244897958,0.1163792534310065,0.14896544439168832,0.04417971381952636,-0.3602903400560929,-0.26269737986290603,223.33333333333334,2.345780766799846,-0.6254889007119537,-0.7847808326053446,-0.23274788819069417,-0.6254889007119537,17,17,17,14,17,1,50,53,53,53
5813034455,v2LN3b_R,v2LN3b,v2LN3b,v2LN3,246.0,183.0,63.0,-0.4878048780487805,-0.5526435806526304,272.0,1099.0,0.2474977252047316,24.749772520473158,11.191992720655142,0.7983797587249406,-0.682381196815586,26,31,18,1.0,0.0,158,True,0.8125,2.436162647040756,0.7225096330467208,1.0,-0.39634146341463417,-0.4878048780487805,-0.9655522686442022,-1.1883720229467103,-0.35244372343742475,-0.3602903400560929,-0.26269737986290603,223.33333333333334,2.345780766799846,-0.6254889007119537,-0.7847808326053446,-0.23274788819069417,-0.6254889007119537,17,17,17,14,17,2,92,92,92,92
1888199872,v2LN3b_R,v2LN3b,v2LN3b,v2LN3,332.0,278.0,54.0,-0.6746987951807228,-0.517698273948274,208.0,924.0,0.2251082251082251,22.51082251082251,12.662337662337661,0.9004329004329003,-0.6821080705009278,21,25,14,1.0,0.0,157,True,0.65625,2.3201462861110542,0.6881018571683097,0.84,-0.44277108433734935,-0.5667469879518071,-1.0272936869226654,-1.3149359192610117,-0.38997965495418413,-0.3602903400560929,-0.26269737986290603,223.33333333333334,2.345780766799846,-0.6254889007119537,-0.7847808326053446,-0.23274788819069417,-0.6254889007119537,17,17,17,14,17,3,93,93,93,93
2013333009,lLN17_R,lLN17,lLN17,other lLN,63.0,37.0,26.0,-0.1746031746031746,-0.5974842767295597,365.0,505.0,0.7227722772277227,72.27722772277228,41.18811881188119,12.046204620462047,-0.8415094339622642,4,6,4,1.0,0.0,109,True,0.125,2.5634810853944106,0.7602693443232731,0.16,-0.021825396825396824,-0.027936507936507936,-0.05594899194313197,-0.07161470968720893,-0.021239270571570802,-0.3650793650793651,-0.08035714285714286,321.0,2.5037629406562436,-0.1976998290214324,-0.2530557811474335,-0.07505050608968009,-0.1976998290214324,16,16,16,15,15,1,70,70,70,70
1918173122,lLN17_R,lLN17,lLN17,other lLN,27.0,21.0,6.0,-0.5555555555555556,-0.45,277.0,451.0,0.614190687361419,61.4190687361419,19.733924611973393,3.4121704853412167,-0.9241206030150754,8,18,7,0.54,0.0,108,True,0.25,2.444044795918076,0.7248472965438152,0.32,-0.1388888888888889,-0.17777777777777778,-0.33945066609973285,-0.434496852607658,-0.12886174160778938,-0.3650793650793651,-0.08035714285714286,321.0,2.5037629406562436,-0.1976998290214324,-0.2530557811474335,-0.07505050608968009,-0.1976998290214324,16,16,16,15,15,2,87,87,87,87
1916157698,v2LN46_R,v2LN46,v2LN46,other v2LN,77.0,46.0,31.0,-0.19480519480519481,-0.5633802816901409,16.0,108.0,0.14814814814814814,14.814814814814813,13.88888888888889,7.407407407407407,-0.1267605633802817,2,2,1,1.0,0.0,180,True,0.0625,1.2304489213782739,0.364922760698119,0.08,-0.012175324675324676,-0.015584415584415586,-0.01498111511418353,-0.01917582734615492,-0.005687107958931726,-0.5199058251689831,-0.06092978658768133,27.666666666666668,1.4301302698134097,-0.0902738878909205,-0.11555057650037825,-0.034269634963428046,-0.0902738878909205,13,13,13,16,14,1,67,66,66,66
1885782720,v2LN46_R,v2LN46,v2LN46,other v2LN,95.0,68.0,27.0,-0.43157894736842106,-0.5846153846153845,40.0,144.0,0.2777777777777778,27.77777777777778,19.444444444444446,9.25925925925926,0.1384615384615385,4,3,2,1.0,0.0,179,True,0.125,1.6127838567197355,0.47831448114422914,0.16,-0.05394736842105263,-0.06905263157894737,-0.08700544490198572,-0.11136696947454172,-0.03302887364532782,-0.5199058251689831,-0.06092978658768133,27.666666666666668,1.4301302698134097,-0.0902738878909205,-0.11555057650037825,-0.034269634963428046,-0.0902738878909205,13,13,13,16,14,2,79,75,75,75
1885109710,v2LN46_R,v2LN46,v2LN46,other v2LN,30.0,29.0,1.0,-0.9333333333333333,-0.5,27.0,74.0,0.3648648648648649,36.48648648648649,35.13513513513514,18.243243243243246,,4,2,0,0.6,0.0,178,True,0.125,1.4471580313422192,0.42919368271891467,0.16,-0.11666666666666667,-0.14933333333333335,-0.16883510365659224,-0.2161089326804381,-0.0640929232860246,-0.5199058251689831,-0.06092978658768133,27.666666666666668,1.4301302698134097,-0.0902738878909205,-0.11555057650037825,-0.034269634963428046,-0.0902738878909205,13,13,13,16,14,3,86,80,80,80
1951971057,lLN14_R,lLN14,lLN14,other lLN,28.0,22.0,6.0,-0.5714285714285714,-0.48,78.0,137.0,0.5693430656934306,56.934306569343065,35.03649635036496,7.116788321167883,-1.0,5,8,1,0.56,0.0,98,True,0.15625,1.8976270912904414,0.5627924125071094,0.2,-0.08928571428571427,-0.11428571428571428,-0.16943099029378939,-0.21687166757605045,-0.06431913285795536,-0.6468253968253967,-0.10106646825396826,77.5,1.8948608469904609,-0.19147430519453465,-0.24508711064900435,-0.07268718227602425,-0.19147430519453465,15,15,15,17,16,1,84,81,81,81
1702323388,lLN14_R,lLN14,lLN14,other lLN,36.0,31.0,5.0,-0.7222222222222222,-0.5407407407407407,77.0,147.0,0.5238095238095237,52.38095238095237,24.489795918367346,7.482993197278913,-1.0,5,7,1,0.72,0.0,97,True,0.15625,1.8920946026904804,0.5611516040360295,0.2,-0.11284722222222222,-0.14444444444444446,-0.21351762009527991,-0.2733025537219583,-0.08105523169409315,-0.6468253968253967,-0.10106646825396826,77.5,1.8948608469904609,-0.19147430519453465,-0.24508711064900435,-0.07268718227602425,-0.19147430519453465,15,15,15,17,16,2,85,84,84,84
1700644008,v2LN3a_R,v2LN3a,v2LN3a,v2LN3,300.0,254.0,46.0,-0.6933333333333334,-0.7530446973836108,63.0,555.0,0.1135135135135135,11.35135135135135,6.846846846846846,0.6677265500794912,-0.788944150661503,12,17,8,1.0,0.0,153,True,0.375,1.806179973983887,0.5356713074164469,0.48,-0.26,-0.3328,-0.46960679323581067,-0.6010966953418376,-0.1782714111081935,-0.7325293951236829,-0.34366450072447213,123.0,2.057993738427645,-0.7134222595595157,-0.91318049223618,-0.27082826475171234,-0.7134222595595157,18,18,18,18,18,1,88,88,88,88
1730651751,v2LN3a_R,v2LN3a,v2LN3a,v2LN3,458.0,389.0,69.0,-0.6986899563318777,-0.484076744393296,135.0,630.0,0.21428571428571427,21.428571428571427,15.873015873015872,1.4285714285714284,-0.5762762088147197,17,15,10,1.0,0.0,154,True,0.53125,2.1335389083702174,0.6327584144063425,0.68,-0.37117903930131,-0.47510917030567684,-0.791924922320823,-1.0136639005706536,-0.300629325272533,-0.7325293951236829,-0.34366450072447213,123.0,2.057993738427645,-0.7134222595595157,-0.91318049223618,-0.27082826475171234,-0.7134222595595157,18,18,18,18,18,2,90,90,90,90
5901196806,v2LN3a_R,v2LN3a,v2LN3a,v2LN3,457.0,393.0,64.0,-0.7199124726477024,-0.525353678549793,195.0,802.0,0.243142144638404,24.3142144638404,17.581047381546135,1.3507896924355778,-0.4168597315419959,16,18,10,1.0,0.0,156,True,0.5,2.292256071356476,0.6798302629656804,0.64,-0.3599562363238512,-0.4607439824945296,-0.8251118681359744,-1.0561431912140473,-0.3132277027791109,-0.7325293951236829,-0.34366450072447213,123.0,2.057993738427645,-0.7134222595595157,-0.91318049223618,-0.27082826475171234,-0.7134222595595157,18,18,18,18,18,3,89,91,91,91
1730996778,v2LN3a_R,v2LN3a,v2LN3a,v2LN3,198.0,180.0,18.0,-0.8181818181818182,-0.7167848956366463,99.0,522.0,0.1896551724137931,18.96551724137931,13.601532567049809,1.4588859416445623,-0.7718983645432187,15,13,8,1.0,0.0,155,True,0.46875,2.0,0.5931538552439134,0.6,-0.3835227272727273,-0.4909090909090909,-0.7670454545454546,-0.9818181818181818,-0.29118461984701205,-0.7325293951236829,-0.34366450072447213,123.0,2.057993738427645,-0.7134222595595157,-0.91318049223618,-0.27082826475171234,-0.7134222595595157,18,18,18,18,18,4,91,89,89,89
