LN_type,LN_bodyId,ORN_type,LN_hemisphere,right_weight,left_weight,contralateral_input_ratio,input_preference
lLN1_c,1702651358,ORN_VL2a,R,2.0,5.0,2.5,0.42857142857142855
lLN1_c,1702651358,ORN_DL2v,R,5.0,10.0,2.0,0.3333333333333333
lLN1_c,1702651358,ORN_VM7v,R,2.0,4.0,2.0,0.3333333333333333
lLN1_c,1702651358,ORN_DC2,R,1.0,2.0,2.0,0.3333333333333333
lLN1_c,1547454812,ORN_VL2a,R,2.0,5.0,2.5,0.42857142857142855
lLN1_c,1547454812,ORN_DL2v,R,1.0,4.0,4.0,0.6
lLN1_c,1547454812,ORN_DL1,R,1.0,6.0,6.0,0.7142857142857143
lLN1_c,1547454812,ORN_DA1,R,1.0,2.0,2.0,0.3333333333333333
lLN1_c,1547454812,ORN_DM2,R,2.0,5.0,2.5,0.42857142857142855
lLN1_c,1824101645,ORN_VL2a,R,3.0,5.0,1.6666666666666667,0.25
lLN1_c,1824101645,ORN_VC1,R,3.0,19.0,6.333333333333333,0.7272727272727273
lLN1_c,1824101645,ORN_DL2v,R,9.0,19.0,2.111111111111111,0.35714285714285715
lLN1_c,1824101645,ORN_DC4,R,5.0,10.0,2.0,0.3333333333333333
lLN1_c,1824101645,ORN_DM1,R,7.0,8.0,1.1428571428571428,0.06666666666666667
lLN1_c,5813047691,ORN_DL2v,R,4.0,5.0,1.25,0.1111111111111111
lLN1_c,5813047691,ORN_DC4,R,13.0,15.0,1.1538461538461537,0.07142857142857142
lLN1_c,5813047691,ORN_DM1,R,4.0,6.0,1.5,0.2
lLN1_c,5813047691,ORN_DM3,R,1.0,2.0,2.0,0.3333333333333333
lLN1_c,5813047691,ORN_DP1m,R,2.0,3.0,1.5,0.2
lLN1_c,5813047691,ORN_DL1,R,1.0,2.0,2.0,0.3333333333333333
lLN1_c,1578826464,ORN_VL2a,R,23.0,129.0,5.608695652173913,0.6973684210526315
lLN1_c,1578826464,ORN_VC1,R,1.0,2.0,2.0,0.3333333333333333
lLN1_c,1578826464,ORN_DM3,R,4.0,5.0,1.25,0.1111111111111111
lLN1_c,5813062199,ORN_VC3l,R,25.0,39.0,1.56,0.21875
lLN1_c,5813062199,ORN_DL2v,R,4.0,5.0,1.25,0.1111111111111111
lLN1_c,5813062199,ORN_DM2,R,2.0,4.0,2.0,0.3333333333333333
lLN1_b,5813078440,ORN_DM2,R,1.0,2.0,2.0,0.3333333333333333
lLN1_b,5813078440,ORN_DL5,R,1.0,2.0,2.0,0.3333333333333333
lLN1_b,5813078440,ORN_DC2,R,1.0,2.0,2.0,0.3333333333333333
lLN1_b,5813078440,ORN_DA1,R,1.0,3.0,3.0,0.5
lLN1_b,5813069055,ORN_DL2v,R,6.0,7.0,1.1666666666666667,0.07692307692307693
lLN1_b,5813069055,ORN_DL5,R,2.0,6.0,3.0,0.5
lLN1_b,5813069055,ORN_DL2d,R,1.0,2.0,2.0,0.3333333333333333
lLN1_b,5813069055,ORN_VL2a,R,3.0,5.0,1.6666666666666667,0.25
lLN1_b,5813069055,ORN_DL1,R,1.0,4.0,4.0,0.6
lLN1_b,5813069055,ORN_DP1l,R,1.0,2.0,2.0,0.3333333333333333
lLN1_b,1642623277,ORN_DL2v,R,3.0,4.0,1.3333333333333333,0.14285714285714285
lLN1_b,1642623277,ORN_DL5,R,3.0,18.0,6.0,0.7142857142857143
lLN1_b,1642623277,ORN_VL2a,R,10.0,29.0,2.9,0.48717948717948717
lLN1_b,1642623277,ORN_DP1l,R,2.0,4.0,2.0,0.3333333333333333
lLN1_b,5813054622,ORN_DP1m,R,1.0,3.0,3.0,0.5
lLN1_b,5813054622,ORN_DC4,R,4.0,5.0,1.25,0.1111111111111111
lLN1_b,5813054622,ORN_DL2v,R,2.0,5.0,2.5,0.42857142857142855
lLN1_b,5813054622,ORN_DL5,R,2.0,3.0,1.5,0.2
lLN1_b,5813054622,ORN_DC2,R,1.0,3.0,3.0,0.5
lLN1_b,5813054622,ORN_DM1,R,1.0,3.0,3.0,0.5
lLN1_b,5813054622,ORN_DA1,R,1.0,2.0,2.0,0.3333333333333333
lLN1_b,1610530558,ORN_DM2,R,1.0,3.0,3.0,0.5
lLN1_b,1610530558,ORN_DL2v,R,3.0,7.0,2.3333333333333335,0.4
lLN1_b,1610530558,ORN_DM1,R,2.0,5.0,2.5,0.42857142857142855
lLN1_b,5813054725,ORN_DL4,R,2.0,3.0,1.5,0.2
lLN1_b,5813054725,ORN_DC4,R,9.0,12.0,1.3333333333333333,0.14285714285714285
lLN1_b,5813054725,ORN_DM3,R,27.0,34.0,1.2592592592592593,0.11475409836065574
lLN1_b,5813054725,ORN_DL2v,R,4.0,5.0,1.25,0.1111111111111111
lLN1_b,5813054725,ORN_DL5,R,2.0,3.0,1.5,0.2
lLN1_b,5813054725,ORN_DL2d,R,2.0,6.0,3.0,0.5
lLN1_b,5813054725,ORN_VL2a,R,3.0,6.0,2.0,0.3333333333333333
lLN1_b,5813054777,ORN_DC4,R,7.0,8.0,1.1428571428571428,0.06666666666666667
lLN1_b,5813054777,ORN_VL2a,R,2.0,5.0,2.5,0.42857142857142855
lLN1_b,5813054777,ORN_DL1,R,1.0,2.0,2.0,0.3333333333333333
lLN1_b,5813054777,ORN_VM7v,R,1.0,3.0,3.0,0.5
lLN1_b,1640887603,ORN_DP1m,R,2.0,3.0,1.5,0.2
lLN1_b,1640887603,ORN_DC4,R,3.0,5.0,1.6666666666666667,0.25
lLN1_b,1640887603,ORN_DM2,R,8.0,31.0,3.875,0.5897435897435898
lLN1_b,1640887603,ORN_VL2a,R,5.0,17.0,3.4,0.5454545454545454
lLN1_b,1640887603,ORN_DL1,R,1.0,2.0,2.0,0.3333333333333333
lLN1_b,1640887603,ORN_DA1,R,3.0,4.0,1.3333333333333333,0.14285714285714285
lLN1_b,1640887603,ORN_DM6,R,1.0,2.0,2.0,0.3333333333333333
lLN2P_c,1640555311,ORN_DM1,R,41.0,61.0,1.4878048780487805,0.19607843137254902
lLN2P_c,1640555311,ORN_DM6,R,20.0,21.0,1.05,0.024390243902439025
lLN2P_c,1640555311,ORN_DL1,R,2.0,3.0,1.5,0.2
lLN2P_c,1640555311,ORN_DP1m,R,2.0,6.0,3.0,0.5
lLN2P_c,1640555311,ORN_VL2a,R,7.0,13.0,1.8571428571428572,0.3
lLN2P_c,1762704980,ORN_DC2,R,8.0,10.0,1.25,0.1111111111111111
lLN2P_c,1762704980,ORN_DC4,R,44.0,57.0,1.2954545454545454,0.12871287128712872
lLN2P_c,1762704980,ORN_DA1,R,33.0,49.0,1.4848484848484849,0.1951219512195122
lLN2P_c,1762704980,ORN_VC1,R,2.0,8.0,4.0,0.6
lLN2P_c,1762704980,ORN_DL4,R,38.0,69.0,1.8157894736842106,0.2897196261682243
lLN2P_c,1762704980,ORN_DM1,R,15.0,33.0,2.2,0.375
lLN2P_c,1762704980,ORN_DM2,R,1.0,2.0,2.0,0.3333333333333333
lLN2P_c,1762704980,ORN_DL2v,R,3.0,7.0,2.3333333333333335,0.4
lLN2P_c,1858171556,ORN_DC2,R,21.0,30.0,1.4285714285714286,0.17647058823529413
lLN2P_c,1858171556,ORN_DC4,R,31.0,63.0,2.032258064516129,0.3404255319148936
lLN2P_c,1858171556,ORN_DL4,R,47.0,63.0,1.3404255319148937,0.14545454545454545
lLN2P_c,1858171556,ORN_DM1,R,14.0,21.0,1.5,0.2
lLN2P_c,1858171556,ORN_DM3,R,2.0,4.0,2.0,0.3333333333333333
lLN2P_c,1858171556,ORN_DL5,R,21.0,45.0,2.142857142857143,0.36363636363636365
lLN2P_c,1858171556,ORN_VM7v,R,7.0,17.0,2.4285714285714284,0.4166666666666667
lLN2P_c,1858171556,ORN_VC3l,R,11.0,19.0,1.7272727272727273,0.26666666666666666
lLN2P_c,1858171556,ORN_DP1m,R,6.0,12.0,2.0,0.3333333333333333
lLN2P_c,2105086391,ORN_DC2,R,14.0,99.0,7.071428571428571,0.7522123893805309
lLN2P_c,2105086391,ORN_VC1,R,11.0,15.0,1.3636363636363635,0.15384615384615385
lLN2P_c,2105086391,ORN_DM1,R,5.0,10.0,2.0,0.3333333333333333
lLN2P_c,2105086391,ORN_DM6,R,30.0,48.0,1.6,0.23076923076923078
lLN2P_c,2105086391,ORN_DM2,R,22.0,38.0,1.7272727272727273,0.26666666666666666
lLN2P_c,2105086391,ORN_VM7v,R,4.0,11.0,2.75,0.4666666666666667
lLN2P_c,2105086391,ORN_DP1m,R,1.0,2.0,2.0,0.3333333333333333
lLN2P_c,5813132949,ORN_DC2,R,12.0,47.0,3.9166666666666665,0.5932203389830508
lLN2P_c,5813132949,ORN_DC4,R,50.0,68.0,1.36,0.15254237288135594
lLN2P_c,5813132949,ORN_DM4,R,15.0,29.0,1.9333333333333333,0.3181818181818182
lLN2P_c,5813132949,ORN_DC1,R,15.0,16.0,1.0666666666666667,0.03225806451612903
lLN2P_c,5813132949,ORN_DA1,R,14.0,34.0,2.4285714285714284,0.4166666666666667
lLN2P_c,5813132949,ORN_VC1,R,6.0,14.0,2.3333333333333335,0.4
lLN2P_c,5813132949,ORN_DM1,R,11.0,12.0,1.0909090909090908,0.043478260869565216
lLN2P_c,5813132949,ORN_DM3,R,17.0,35.0,2.0588235294117645,0.34615384615384615
lLN2P_c,5813132949,ORN_DL5,R,14.0,25.0,1.7857142857142858,0.28205128205128205
lLN2P_c,5813132949,ORN_DL1,R,5.0,17.0,3.4,0.5454545454545454
lLN2P_c,5813132949,ORN_DM2,R,10.0,22.0,2.2,0.375
lLN2P_c,5813132949,ORN_VM7v,R,6.0,7.0,1.1666666666666667,0.07692307692307693
lLN2P_c,5813132949,ORN_DP1m,R,2.0,7.0,3.5,0.5555555555555556
lLN2P_c,5813132949,ORN_VL2a,R,15.0,17.0,1.1333333333333333,0.0625
lLN2P_c,1639886198,ORN_DC2,R,33.0,61.0,1.8484848484848484,0.2978723404255319
lLN2P_c,1639886198,ORN_DM4,R,17.0,27.0,1.588235294117647,0.22727272727272727
lLN2P_c,1639886198,ORN_DA1,R,23.0,27.0,1.173913043478261,0.08
lLN2P_c,1639886198,ORN_VC1,R,3.0,18.0,6.0,0.7142857142857143
lLN2P_c,1639886198,ORN_DM1,R,13.0,25.0,1.9230769230769231,0.3157894736842105
lLN2P_c,1639886198,ORN_DM6,R,20.0,30.0,1.5,0.2
lLN2P_c,1639886198,ORN_DM3,R,34.0,59.0,1.7352941176470589,0.26881720430107525
lLN2P_c,1639886198,ORN_DL5,R,3.0,19.0,6.333333333333333,0.7272727272727273
lLN2P_c,1639886198,ORN_DL2v,R,2.0,7.0,3.5,0.5555555555555556
lLN2P_c,1639886198,ORN_VL2a,R,1.0,3.0,3.0,0.5
lLN2T_b,1640572741,ORN_DP1m,R,164.0,476.0,2.902439024390244,0.4875
lLN2T_b,1640572741,ORN_DC1,R,202.0,232.0,1.1485148514851484,0.06912442396313365
lLN2T_b,1640572741,ORN_DC4,R,17.0,19.0,1.1176470588235294,0.05555555555555555
lLN2T_b,1640572741,ORN_DC2,R,28.0,121.0,4.321428571428571,0.6241610738255033
lLN2T_b,1640572741,ORN_DL5,R,29.0,104.0,3.586206896551724,0.5639097744360902
lLN2T_b,1640572741,ORN_DP1l,R,89.0,183.0,2.056179775280899,0.34558823529411764
lLN2T_b,1640572741,ORN_DM1,R,222.0,500.0,2.2522522522522523,0.3850415512465374
lLN2T_b,1640572741,ORN_VM7v,R,25.0,89.0,3.56,0.5614035087719298
lLN2T_b,1640572741,ORN_DA1,R,197.0,547.0,2.7766497461928936,0.47043010752688175
lLN2T_b,1640572741,ORN_VC1,R,25.0,131.0,5.24,0.6794871794871795
lLN2T_b,1640572741,ORN_DM3,R,96.0,200.0,2.0833333333333335,0.35135135135135137
lLN2T_b,1640572741,ORN_DM4,R,120.0,193.0,1.6083333333333334,0.23322683706070288
lLN2T_b,1640572741,ORN_DL2v,R,53.0,113.0,2.1320754716981134,0.3614457831325301
lLN2T_b,1640572741,ORN_DM6,R,36.0,94.0,2.611111111111111,0.4461538461538462
lLN2T_b,1640572741,ORN_DL1,R,92.0,183.0,1.9891304347826086,0.33090909090909093
lLN2T_b,1640572741,ORN_DL2d,R,30.0,53.0,1.7666666666666666,0.27710843373493976
lLN2T_b,1640572741,ORN_VL2p,R,67.0,146.0,2.1791044776119404,0.37089201877934275
lLN2T_b,1640572741,ORN_DL4,R,67.0,163.0,2.4328358208955225,0.41739130434782606
lLN2T_b,1640572741,ORN_VC3l,R,20.0,29.0,1.45,0.1836734693877551
lLN2T_b,1640572741,ORN_VL2a,R,5.0,18.0,3.6,0.5652173913043478
lLN2T_b,1640572741,ORN_DL3,R,61.0,101.0,1.6557377049180328,0.24691358024691357
lLN2T_b,1640572741,ORN_DM2,R,21.0,51.0,2.4285714285714284,0.4166666666666667
lLN2T_b,5813034493,ORN_DP1m,R,95.0,303.0,3.1894736842105265,0.5226130653266332
lLN2T_b,5813034493,ORN_DC1,R,82.0,107.0,1.3048780487804879,0.13227513227513227
lLN2T_b,5813034493,ORN_DC4,R,137.0,310.0,2.2627737226277373,0.3870246085011186
lLN2T_b,5813034493,ORN_DC2,R,42.0,208.0,4.9523809523809526,0.664
lLN2T_b,5813034493,ORN_DL5,R,41.0,205.0,5.0,0.6666666666666666
lLN2T_b,5813034493,ORN_DM1,R,207.0,433.0,2.0917874396135265,0.353125
lLN2T_b,5813034493,ORN_VM7v,R,8.0,26.0,3.25,0.5294117647058824
lLN2T_b,5813034493,ORN_DA1,R,101.0,267.0,2.6435643564356437,0.45108695652173914
lLN2T_b,5813034493,ORN_VC1,R,15.0,95.0,6.333333333333333,0.7272727272727273
lLN2T_b,5813034493,ORN_VA3,R,11.0,13.0,1.1818181818181819,0.08333333333333333
lLN2T_b,5813034493,ORN_DM3,R,53.0,87.0,1.6415094339622642,0.24285714285714285
lLN2T_b,5813034493,ORN_DM4,R,107.0,170.0,1.588785046728972,0.22743682310469315
lLN2T_b,5813034493,ORN_DM6,R,114.0,233.0,2.043859649122807,0.34293948126801155
lLN2T_b,5813034493,ORN_DL1,R,100.0,257.0,2.57,0.43977591036414565
lLN2T_b,5813034493,ORN_DL4,R,12.0,27.0,2.25,0.38461538461538464
lLN2T_b,5813034493,ORN_VC3l,R,39.0,71.0,1.8205128205128205,0.2909090909090909
lLN2T_b,5813034493,ORN_DL3,R,27.0,73.0,2.7037037037037037,0.46
lLN2T_b,5813034493,ORN_DM2,R,28.0,41.0,1.4642857142857142,0.18840579710144928
lLN2F_b,5813024698,ORN_DP1m,R,304.0,738.0,2.4276315789473686,0.4165067178502879
lLN2F_b,5813024698,ORN_DC1,R,127.0,207.0,1.6299212598425197,0.23952095808383234
lLN2F_b,5813024698,ORN_DC4,R,95.0,354.0,3.7263157894736842,0.576837416481069
lLN2F_b,5813024698,ORN_DL2v,R,59.0,228.0,3.864406779661017,0.5888501742160279
lLN2F_b,5813024698,ORN_DP1l,R,92.0,246.0,2.6739130434782608,0.4556213017751479
lLN2F_b,5813024698,ORN_DL2d,R,21.0,80.0,3.8095238095238093,0.5841584158415841
lLN2F_b,5813024698,ORN_DM1,R,251.0,720.0,2.8685258964143427,0.48300720906282185
lLN2F_b,5813024698,ORN_DC2,R,45.0,296.0,6.5777777777777775,0.7360703812316716
lLN2F_b,5813024698,ORN_VA3,R,6.0,15.0,2.5,0.42857142857142855
lLN2F_b,5813024698,ORN_DL5,R,79.0,248.0,3.1392405063291138,0.5168195718654435
lLN2F_b,5813024698,ORN_VC3l,R,33.0,93.0,2.8181818181818183,0.47619047619047616
lLN2F_b,5813024698,ORN_VL2a,R,66.0,275.0,4.166666666666667,0.6129032258064516
lLN2F_b,5813024698,ORN_VL2p,R,66.0,158.0,2.393939393939394,0.4107142857142857
lLN2F_b,5813024698,ORN_VC1,R,20.0,167.0,8.35,0.786096256684492
lLN2F_b,5813024698,ORN_DM6,R,50.0,281.0,5.62,0.6978851963746223
lLN2F_b,5813024698,ORN_DM4,R,145.0,241.0,1.6620689655172414,0.24870466321243523
lLN2F_b,5813024698,ORN_VM7v,R,11.0,53.0,4.818181818181818,0.65625
lLN2F_b,5813024698,ORN_DA1,R,72.0,418.0,5.805555555555555,0.7061224489795919
lLN2F_b,5813024698,ORN_DL1,R,76.0,294.0,3.8684210526315788,0.5891891891891892
lLN2F_b,5813024698,ORN_DM3,R,40.0,103.0,2.575,0.4405594405594406
lLN2F_b,5813024698,ORN_DM2,R,23.0,92.0,4.0,0.6
lLN2F_b,1640909284,ORN_DP1m,R,263.0,737.0,2.802281368821293,0.474
lLN2F_b,1640909284,ORN_DC1,R,76.0,188.0,2.473684210526316,0.42424242424242425
lLN2F_b,1640909284,ORN_DC4,R,132.0,372.0,2.8181818181818183,0.47619047619047616
lLN2F_b,1640909284,ORN_DL2v,R,122.0,304.0,2.4918032786885247,0.4272300469483568
lLN2F_b,1640909284,ORN_DP1l,R,104.0,252.0,2.423076923076923,0.4157303370786517
lLN2F_b,1640909284,ORN_DL2d,R,59.0,181.0,3.0677966101694913,0.5083333333333333
lLN2F_b,1640909284,ORN_DM1,R,205.0,687.0,3.351219512195122,0.5403587443946188
lLN2F_b,1640909284,ORN_DC2,R,40.0,221.0,5.525,0.6934865900383141
lLN2F_b,1640909284,ORN_VA3,R,4.0,10.0,2.5,0.42857142857142855
lLN2F_b,1640909284,ORN_DL5,R,34.0,187.0,5.5,0.6923076923076923
lLN2F_b,1640909284,ORN_VC3l,R,48.0,127.0,2.6458333333333335,0.4514285714285714
lLN2F_b,1640909284,ORN_VL2a,R,230.0,578.0,2.5130434782608697,0.4306930693069307
lLN2F_b,1640909284,ORN_VL2p,R,86.0,237.0,2.755813953488372,0.4674922600619195
lLN2F_b,1640909284,ORN_VC1,R,20.0,107.0,5.35,0.6850393700787402
lLN2F_b,1640909284,ORN_DM6,R,20.0,101.0,5.05,0.6694214876033058
lLN2F_b,1640909284,ORN_DM4,R,86.0,256.0,2.9767441860465116,0.49707602339181284
lLN2F_b,1640909284,ORN_VM7v,R,35.0,102.0,2.914285714285714,0.48905109489051096
lLN2F_b,1640909284,ORN_DA1,R,72.0,538.0,7.472222222222222,0.7639344262295082
lLN2F_b,1640909284,ORN_DL1,R,58.0,202.0,3.4827586206896552,0.5538461538461539
lLN2F_b,1640909284,ORN_DM3,R,62.0,165.0,2.661290322580645,0.45374449339207046
lLN2F_b,1640909284,ORN_DL4,R,24.0,151.0,6.291666666666667,0.7257142857142858
lLN2F_b,1640909284,ORN_DM2,R,26.0,51.0,1.9615384615384615,0.3246753246753247
lLN2F_b,1640909284,ORN_DL3,R,9.0,18.0,2.0,0.3333333333333333
lLN2T_e,1640922516,ORN_DM2,R,59.0,124.0,2.1016949152542375,0.3551912568306011
lLN2T_e,1640922516,ORN_DC4,R,14.0,40.0,2.857142857142857,0.48148148148148145
lLN2T_e,1640922516,ORN_DL5,R,10.0,15.0,1.5,0.2
lLN2T_e,1640922516,ORN_VL2a,R,22.0,82.0,3.727272727272727,0.5769230769230769
lLN2T_e,1640922516,ORN_DC2,R,19.0,20.0,1.0526315789473684,0.02564102564102564
lLN2T_e,1640922516,ORN_DA1,R,40.0,53.0,1.325,0.13978494623655913
lLN2T_e,1640922516,ORN_VM7v,R,2.0,3.0,1.5,0.2
lLN2T_e,1699974843,ORN_DC4,R,26.0,34.0,1.3076923076923077,0.13333333333333333
lLN2T_e,1699974843,ORN_DM1,R,59.0,75.0,1.271186440677966,0.11940298507462686
lLN2T_e,1699974843,ORN_DL5,R,11.0,30.0,2.727272727272727,0.4634146341463415
lLN2T_e,1699974843,ORN_VL2a,R,18.0,25.0,1.3888888888888888,0.16279069767441862
lLN2T_e,1699974843,ORN_VC1,R,7.0,20.0,2.857142857142857,0.48148148148148145
lLN2T_e,1699974843,ORN_DM3,R,21.0,40.0,1.9047619047619047,0.3114754098360656
lLN2T_e,1699974843,ORN_DC2,R,13.0,28.0,2.1538461538461537,0.36585365853658536
lLN2T_e,1699974843,ORN_DL3,R,23.0,41.0,1.7826086956521738,0.28125
lLN2T_e,1699974843,ORN_DA1,R,29.0,56.0,1.9310344827586208,0.3176470588235294
lLN2T_e,1699974843,ORN_DL2d,R,7.0,9.0,1.2857142857142858,0.125
lLN2T_e,1699974843,ORN_VM7v,R,4.0,5.0,1.25,0.1111111111111111
lLN2T_e,1699974843,ORN_VL2p,R,4.0,10.0,2.5,0.42857142857142855
lLN2S,1762359683,ORN_DP1m,R,24.0,92.0,3.8333333333333335,0.5862068965517241
lLN2S,1762359683,ORN_DL2d,R,3.0,47.0,15.666666666666666,0.88
lLN2S,1762359683,ORN_DP1l,R,25.0,88.0,3.52,0.5575221238938053
lLN2S,1762359683,ORN_DL5,R,4.0,78.0,19.5,0.9024390243902439
lLN2S,1762359683,ORN_VL2p,R,45.0,78.0,1.7333333333333334,0.2682926829268293
lLN2S,1762359683,ORN_DL2v,R,6.0,48.0,8.0,0.7777777777777778
lLN2S,1762359683,ORN_DM1,R,22.0,82.0,3.727272727272727,0.5769230769230769
lLN2S,1762359683,ORN_DC2,R,1.0,15.0,15.0,0.875
lLN2S,1762359683,ORN_VL2a,R,9.0,85.0,9.444444444444445,0.8085106382978723
lLN2S,1762359683,ORN_VC1,R,1.0,18.0,18.0,0.8947368421052632
lLN2S,1762359683,ORN_VA3,R,2.0,6.0,3.0,0.5
lLN2S,1762359683,ORN_DL1,R,8.0,72.0,9.0,0.8
lLN2S,1762359683,ORN_DC1,R,6.0,19.0,3.1666666666666665,0.52
lLN2S,1762359683,ORN_DC4,R,7.0,27.0,3.857142857142857,0.5882352941176471
lLN2S,1762359683,ORN_DM6,R,1.0,7.0,7.0,0.75
lLN2S,1762359683,ORN_DM2,R,5.0,8.0,1.6,0.23076923076923078
lLN2S,1762359683,ORN_VC3l,R,3.0,11.0,3.6666666666666665,0.5714285714285714
lLN2S,1762359683,ORN_DM4,R,12.0,33.0,2.75,0.4666666666666667
lLN2S,1762359683,ORN_DM3,R,2.0,8.0,4.0,0.6
lLN2S,1762359683,ORN_VM7v,R,1.0,2.0,2.0,0.3333333333333333
lLN2S,1732995501,ORN_DP1m,R,16.0,107.0,6.6875,0.7398373983739838
lLN2S,1732995501,ORN_DL2d,R,12.0,32.0,2.6666666666666665,0.45454545454545453
lLN2S,1732995501,ORN_DP1l,R,17.0,73.0,4.294117647058823,0.6222222222222222
lLN2S,1732995501,ORN_DL5,R,5.0,70.0,14.0,0.8666666666666667
lLN2S,1732995501,ORN_VL2p,R,17.0,46.0,2.7058823529411766,0.4603174603174603
lLN2S,1732995501,ORN_DL2v,R,17.0,46.0,2.7058823529411766,0.4603174603174603
lLN2S,1732995501,ORN_DM1,R,26.0,55.0,2.1153846153846154,0.35802469135802467
lLN2S,1732995501,ORN_DC2,R,9.0,46.0,5.111111111111111,0.6727272727272727
lLN2S,1732995501,ORN_VL2a,R,14.0,73.0,5.214285714285714,0.6781609195402298
lLN2S,1732995501,ORN_VC1,R,8.0,39.0,4.875,0.6595744680851063
lLN2S,1732995501,ORN_DL1,R,8.0,54.0,6.75,0.7419354838709677
lLN2S,1732995501,ORN_DC1,R,15.0,27.0,1.8,0.2857142857142857
lLN2S,1732995501,ORN_DC4,R,14.0,49.0,3.5,0.5555555555555556
lLN2S,1732995501,ORN_DA1,R,5.0,21.0,4.2,0.6153846153846154
lLN2S,1732995501,ORN_DM6,R,7.0,24.0,3.4285714285714284,0.5483870967741935
lLN2S,1732995501,ORN_DM2,R,7.0,21.0,3.0,0.5
lLN2S,1732995501,ORN_DM4,R,11.0,21.0,1.9090909090909092,0.3125
lLN2S,1732995501,ORN_DM3,R,7.0,22.0,3.142857142857143,0.5172413793103449
lLN2S,1732995501,ORN_VM7v,R,2.0,10.0,5.0,0.6666666666666666
lLN2S,1670627928,ORN_DP1m,R,29.0,103.0,3.5517241379310347,0.5606060606060606
lLN2S,1670627928,ORN_DL2d,R,10.0,44.0,4.4,0.6296296296296297
lLN2S,1670627928,ORN_DP1l,R,14.0,69.0,4.928571428571429,0.6626506024096386
lLN2S,1670627928,ORN_DL5,R,13.0,55.0,4.230769230769231,0.6176470588235294
lLN2S,1670627928,ORN_VL2p,R,19.0,40.0,2.1052631578947367,0.3559322033898305
lLN2S,1670627928,ORN_DL2v,R,7.0,42.0,6.0,0.7142857142857143
lLN2S,1670627928,ORN_DM1,R,13.0,44.0,3.3846153846153846,0.543859649122807
lLN2S,1670627928,ORN_DC2,R,5.0,29.0,5.8,0.7058823529411765
lLN2S,1670627928,ORN_VL2a,R,4.0,88.0,22.0,0.9130434782608695
lLN2S,1670627928,ORN_VC1,R,1.0,22.0,22.0,0.9130434782608695
lLN2S,1670627928,ORN_DL1,R,18.0,62.0,3.4444444444444446,0.55
lLN2S,1670627928,ORN_DC1,R,16.0,17.0,1.0625,0.030303030303030304
lLN2S,1670627928,ORN_DC4,R,12.0,34.0,2.8333333333333335,0.4782608695652174
lLN2S,1670627928,ORN_DM6,R,5.0,30.0,6.0,0.7142857142857143
lLN2S,1670627928,ORN_DM2,R,5.0,30.0,6.0,0.7142857142857143
lLN2S,1670627928,ORN_DM3,R,9.0,20.0,2.2222222222222223,0.3793103448275862
lLN2S,1670627928,ORN_VM7v,R,6.0,9.0,1.5,0.2
lLN2S,1670627928,ORN_DL4,R,1.0,2.0,2.0,0.3333333333333333
lLN2S,1702306037,ORN_DP1m,R,11.0,26.0,2.3636363636363638,0.40540540540540543
lLN2S,1702306037,ORN_DL2d,R,2.0,33.0,16.5,0.8857142857142857
lLN2S,1702306037,ORN_DP1l,R,8.0,29.0,3.625,0.5675675675675675
lLN2S,1702306037,ORN_DL5,R,13.0,75.0,5.769230769230769,0.7045454545454546
lLN2S,1702306037,ORN_VL2p,R,11.0,29.0,2.6363636363636362,0.45
lLN2S,1702306037,ORN_DL2v,R,1.0,24.0,24.0,0.92
lLN2S,1702306037,ORN_DM1,R,7.0,16.0,2.2857142857142856,0.391304347826087
lLN2S,1702306037,ORN_DC2,R,5.0,28.0,5.6,0.696969696969697
lLN2S,1702306037,ORN_VL2a,R,6.0,54.0,9.0,0.8
lLN2S,1702306037,ORN_VC1,R,1.0,27.0,27.0,0.9285714285714286
lLN2S,1702306037,ORN_VA3,R,1.0,2.0,2.0,0.3333333333333333
lLN2S,1702306037,ORN_DL1,R,15.0,44.0,2.933333333333333,0.4915254237288136
lLN2S,1702306037,ORN_DC1,R,3.0,15.0,5.0,0.6666666666666666
lLN2S,1702306037,ORN_DC4,R,7.0,19.0,2.7142857142857144,0.46153846153846156
lLN2S,1702306037,ORN_DA1,R,7.0,59.0,8.428571428571429,0.7878787878787878
lLN2S,1702306037,ORN_DM6,R,25.0,55.0,2.2,0.375
lLN2S,1702306037,ORN_DM2,R,3.0,19.0,6.333333333333333,0.7272727272727273
lLN2S,1702306037,ORN_DM4,R,13.0,18.0,1.3846153846153846,0.16129032258064516
lLN2S,1702306037,ORN_DM3,R,3.0,8.0,2.6666666666666665,0.45454545454545453
lLN2S,1702306037,ORN_VM7v,R,1.0,3.0,3.0,0.5
lLN2S,5813069085,ORN_DP1m,R,10.0,74.0,7.4,0.7619047619047619
lLN2S,5813069085,ORN_DL2d,R,8.0,32.0,4.0,0.6
lLN2S,5813069085,ORN_DP1l,R,16.0,67.0,4.1875,0.6144578313253012
lLN2S,5813069085,ORN_DL5,R,8.0,62.0,7.75,0.7714285714285715
lLN2S,5813069085,ORN_VL2p,R,29.0,56.0,1.9310344827586208,0.3176470588235294
lLN2S,5813069085,ORN_DL2v,R,9.0,21.0,2.3333333333333335,0.4
lLN2S,5813069085,ORN_DM1,R,15.0,26.0,1.7333333333333334,0.2682926829268293
lLN2S,5813069085,ORN_VL2a,R,14.0,92.0,6.571428571428571,0.7358490566037735
lLN2S,5813069085,ORN_VC1,R,6.0,38.0,6.333333333333333,0.7272727272727273
lLN2S,5813069085,ORN_DL1,R,20.0,66.0,3.3,0.5348837209302325
lLN2S,5813069085,ORN_DC1,R,15.0,21.0,1.4,0.16666666666666666
lLN2S,5813069085,ORN_DC4,R,18.0,41.0,2.2777777777777777,0.3898305084745763
lLN2S,5813069085,ORN_DA1,R,10.0,43.0,4.3,0.6226415094339622
lLN2S,5813069085,ORN_DM6,R,7.0,13.0,1.8571428571428572,0.3
lLN2S,5813069085,ORN_DM2,R,2.0,13.0,6.5,0.7333333333333333
lLN2S,5813069085,ORN_VC3l,R,3.0,4.0,1.3333333333333333,0.14285714285714285
lLN2S,5813069085,ORN_DM4,R,7.0,12.0,1.7142857142857142,0.2631578947368421
lLN2S,5813069085,ORN_DM3,R,8.0,10.0,1.25,0.1111111111111111
lLN2S,5813069085,ORN_VM7v,R,2.0,17.0,8.5,0.7894736842105263
lLN2S,5813069085,ORN_DL3,R,2.0,7.0,3.5,0.5555555555555556
lLN2S,1640922754,ORN_DP1m,R,8.0,48.0,6.0,0.7142857142857143
lLN2S,1640922754,ORN_DL2d,R,5.0,27.0,5.4,0.6875
lLN2S,1640922754,ORN_DP1l,R,2.0,7.0,3.5,0.5555555555555556
lLN2S,1640922754,ORN_DL5,R,2.0,51.0,25.5,0.9245283018867925
lLN2S,1640922754,ORN_VL2p,R,13.0,30.0,2.3076923076923075,0.3953488372093023
lLN2S,1640922754,ORN_DL2v,R,1.0,18.0,18.0,0.8947368421052632
lLN2S,1640922754,ORN_DM1,R,12.0,22.0,1.8333333333333333,0.29411764705882354
lLN2S,1640922754,ORN_VL2a,R,4.0,44.0,11.0,0.8333333333333334
lLN2S,1640922754,ORN_VC1,R,2.0,12.0,6.0,0.7142857142857143
lLN2S,1640922754,ORN_DL1,R,8.0,24.0,3.0,0.5
lLN2S,1640922754,ORN_DC1,R,6.0,14.0,2.3333333333333335,0.4
lLN2S,1640922754,ORN_DC4,R,8.0,17.0,2.125,0.36
lLN2S,1640922754,ORN_DA1,R,5.0,26.0,5.2,0.6774193548387096
lLN2S,1640922754,ORN_DM6,R,4.0,33.0,8.25,0.7837837837837838
lLN2S,1640922754,ORN_DM2,R,3.0,10.0,3.3333333333333335,0.5384615384615384
lLN2S,1640922754,ORN_DM4,R,5.0,16.0,3.2,0.5238095238095238
lLN2S,1640922754,ORN_DL3,R,2.0,3.0,1.5,0.2
lLN2T_d,1669924220,ORN_DP1m,R,132.0,325.0,2.462121212121212,0.4223194748358862
lLN2T_d,1669924220,ORN_DP1l,R,82.0,120.0,1.4634146341463414,0.18811881188118812
lLN2T_d,1669924220,ORN_DA1,R,71.0,153.0,2.1549295774647885,0.36607142857142855
lLN2T_d,1669924220,ORN_DL2v,R,55.0,128.0,2.327272727272727,0.3989071038251366
lLN2T_d,1669924220,ORN_DM1,R,162.0,286.0,1.7654320987654322,0.2767857142857143
lLN2T_d,1669924220,ORN_DM4,R,49.0,58.0,1.183673469387755,0.08411214953271028
lLN2T_d,1669924220,ORN_DM3,R,62.0,109.0,1.7580645161290323,0.27485380116959063
lLN2T_d,1669924220,ORN_DL2d,R,24.0,34.0,1.4166666666666667,0.1724137931034483
lLN2T_d,1669924220,ORN_VL2p,R,63.0,84.0,1.3333333333333333,0.14285714285714285
lLN2T_d,1669924220,ORN_DC2,R,5.0,25.0,5.0,0.6666666666666666
lLN2T_d,1669924220,ORN_DL1,R,1.0,3.0,3.0,0.5
lLN2T_d,1669924220,ORN_VL2a,R,48.0,111.0,2.3125,0.39622641509433965
lLN2T_d,1669924220,ORN_DM6,R,46.0,86.0,1.8695652173913044,0.30303030303030304
lLN2T_d,1669924220,ORN_DM2,R,30.0,49.0,1.6333333333333333,0.24050632911392406
lLN2T_d,1669924220,ORN_VC3l,R,6.0,11.0,1.8333333333333333,0.29411764705882354
lLN2T_d,1669924220,ORN_DL5,R,9.0,17.0,1.8888888888888888,0.3076923076923077
lLN2T_d,1667251683,ORN_DP1m,R,132.0,328.0,2.484848484848485,0.4260869565217391
lLN2T_d,1667251683,ORN_DP1l,R,69.0,165.0,2.391304347826087,0.41025641025641024
lLN2T_d,1667251683,ORN_VA3,R,8.0,12.0,1.5,0.2
lLN2T_d,1667251683,ORN_DA1,R,31.0,67.0,2.161290322580645,0.3673469387755102
lLN2T_d,1667251683,ORN_DL2v,R,73.0,133.0,1.821917808219178,0.2912621359223301
lLN2T_d,1667251683,ORN_DM1,R,187.0,362.0,1.9358288770053476,0.31876138433515483
lLN2T_d,1667251683,ORN_DM3,R,50.0,91.0,1.82,0.2907801418439716
lLN2T_d,1667251683,ORN_DL2d,R,25.0,46.0,1.84,0.29577464788732394
lLN2T_d,1667251683,ORN_VL2p,R,38.0,74.0,1.9473684210526316,0.32142857142857145
lLN2T_d,1667251683,ORN_DC2,R,10.0,48.0,4.8,0.6551724137931034
lLN2T_d,1667251683,ORN_DL1,R,20.0,47.0,2.35,0.40298507462686567
lLN2T_d,1667251683,ORN_DC1,R,16.0,34.0,2.125,0.36
lLN2T_d,1667251683,ORN_VL2a,R,8.0,11.0,1.375,0.15789473684210525
lLN2T_d,1667251683,ORN_DM6,R,44.0,83.0,1.8863636363636365,0.30708661417322836
lLN2T_d,1667251683,ORN_DM2,R,35.0,76.0,2.1714285714285713,0.36936936936936937
lLN2T_d,1667251683,ORN_VC1,R,3.0,19.0,6.333333333333333,0.7272727272727273
lLN2T_d,1667251683,ORN_DC4,R,2.0,3.0,1.5,0.2
v2LN35,1764388538,ORN_DM4,R,10.0,18.0,1.8,0.2857142857142857
v2LN35,1668944259,ORN_DC4,R,44.0,63.0,1.4318181818181819,0.17757009345794392
v2LN35,1668944259,ORN_DC2,R,10.0,15.0,1.5,0.2
v2LN35,1668944259,ORN_DP1m,R,2.0,9.0,4.5,0.6363636363636364
v2LN35,1668944259,ORN_DC1,R,5.0,6.0,1.2,0.09090909090909091
v2LN35,1668944259,ORN_DM3,R,3.0,5.0,1.6666666666666667,0.25
v2LN35,1668944259,ORN_DM6,R,1.0,3.0,3.0,0.5
lLN11,1670278227,ORN_DC2,R,2.0,10.0,5.0,0.6666666666666666
lLN11,2040301572,ORN_VC1,R,4.0,10.0,2.5,0.42857142857142855
lLN11,2040301572,ORN_DL5,R,2.0,4.0,2.0,0.3333333333333333
lLN2F_a,5901218894,ORN_DP1m,R,145.0,446.0,3.075862068965517,0.5093062605752962
lLN2F_a,5901218894,ORN_VC1,R,13.0,133.0,10.23076923076923,0.821917808219178
lLN2F_a,5901218894,ORN_DL5,R,47.0,171.0,3.6382978723404253,0.5688073394495413
lLN2F_a,5901218894,ORN_DC4,R,82.0,182.0,2.2195121951219514,0.3787878787878788
lLN2F_a,5901218894,ORN_VL2a,R,95.0,317.0,3.336842105263158,0.5388349514563107
lLN2F_a,5901218894,ORN_DL2v,R,36.0,107.0,2.9722222222222223,0.4965034965034965
lLN2F_a,5901218894,ORN_DC1,R,80.0,122.0,1.525,0.2079207920792079
lLN2F_a,5901218894,ORN_DP1l,R,55.0,125.0,2.272727272727273,0.3888888888888889
lLN2F_a,5901218894,ORN_DL2d,R,36.0,65.0,1.8055555555555556,0.2871287128712871
lLN2F_a,5901218894,ORN_VA3,R,1.0,4.0,4.0,0.6
lLN2F_a,5901218894,ORN_DM1,R,74.0,113.0,1.527027027027027,0.20855614973262032
lLN2F_a,5901218894,ORN_DM4,R,79.0,110.0,1.3924050632911393,0.164021164021164
lLN2F_a,5901218894,ORN_DC2,R,16.0,58.0,3.625,0.5675675675675675
lLN2F_a,5901218894,ORN_DL1,R,69.0,124.0,1.7971014492753623,0.2849740932642487
lLN2F_a,5901218894,ORN_DA1,R,36.0,145.0,4.027777777777778,0.6022099447513812
lLN2F_a,5901218894,ORN_DM3,R,46.0,66.0,1.434782608695652,0.17857142857142858
lLN2F_a,5901218894,ORN_VL2p,R,42.0,80.0,1.9047619047619047,0.3114754098360656
lLN2F_a,5901218894,ORN_DM6,R,44.0,104.0,2.3636363636363638,0.40540540540540543
lLN2F_a,5901218894,ORN_DM2,R,22.0,94.0,4.2727272727272725,0.6206896551724138
lLN2F_a,5901218894,ORN_VM7v,R,14.0,41.0,2.9285714285714284,0.4909090909090909
lLN2F_a,5901218894,ORN_DL3,R,26.0,56.0,2.1538461538461537,0.36585365853658536
lLN2F_a,5901218894,ORN_DL4,R,44.0,88.0,2.0,0.3333333333333333
lLN2F_a,5901218894,ORN_VC3l,R,25.0,30.0,1.2,0.09090909090909091
lLN2F_a,1670287030,ORN_DP1m,R,100.0,276.0,2.76,0.46808510638297873
lLN2F_a,1670287030,ORN_VC1,R,17.0,100.0,5.882352941176471,0.7094017094017094
lLN2F_a,1670287030,ORN_DL5,R,42.0,152.0,3.619047619047619,0.5670103092783505
lLN2F_a,1670287030,ORN_DC4,R,81.0,191.0,2.3580246913580245,0.40441176470588236
lLN2F_a,1670287030,ORN_VL2a,R,5.0,44.0,8.8,0.7959183673469388
lLN2F_a,1670287030,ORN_DL2v,R,43.0,119.0,2.7674418604651163,0.4691358024691358
lLN2F_a,1670287030,ORN_DC1,R,62.0,86.0,1.3870967741935485,0.16216216216216217
lLN2F_a,1670287030,ORN_DP1l,R,42.0,148.0,3.5238095238095237,0.5578947368421052
lLN2F_a,1670287030,ORN_DL2d,R,28.0,65.0,2.3214285714285716,0.3978494623655914
lLN2F_a,1670287030,ORN_VA3,R,6.0,11.0,1.8333333333333333,0.29411764705882354
lLN2F_a,1670287030,ORN_DM1,R,55.0,181.0,3.290909090909091,0.5338983050847458
lLN2F_a,1670287030,ORN_DM4,R,55.0,113.0,2.0545454545454547,0.34523809523809523
lLN2F_a,1670287030,ORN_DC2,R,12.0,77.0,6.416666666666667,0.7303370786516854
lLN2F_a,1670287030,ORN_DL1,R,55.0,143.0,2.6,0.4444444444444444
lLN2F_a,1670287030,ORN_DA1,R,68.0,275.0,4.044117647058823,0.6034985422740525
lLN2F_a,1670287030,ORN_DM3,R,22.0,103.0,4.681818181818182,0.648
lLN2F_a,1670287030,ORN_VL2p,R,69.0,92.0,1.3333333333333333,0.14285714285714285
lLN2F_a,1670287030,ORN_DM6,R,41.0,122.0,2.975609756097561,0.49693251533742333
lLN2F_a,1670287030,ORN_DM2,R,27.0,64.0,2.3703703703703702,0.4065934065934066
lLN2F_a,1670287030,ORN_VM7v,R,7.0,26.0,3.7142857142857144,0.5757575757575758
lLN2F_a,1670287030,ORN_DL3,R,22.0,28.0,1.2727272727272727,0.12
lLN2F_a,1670287030,ORN_DL4,R,34.0,76.0,2.235294117647059,0.38181818181818183
lLN2F_a,1670287030,ORN_VC3l,R,18.0,28.0,1.5555555555555556,0.21739130434782608
lLN1_a,5813130064,ORN_DM1,R,1.0,3.0,3.0,0.5
lLN1_a,5813130064,ORN_DP1m,R,5.0,10.0,2.0,0.3333333333333333
lLN1_a,5813130064,ORN_DC4,R,9.0,13.0,1.4444444444444444,0.18181818181818182
lLN1_a,5813130064,ORN_DC1,R,1.0,4.0,4.0,0.6
lLN1_a,5813130064,ORN_DM2,R,1.0,3.0,3.0,0.5
lLN1_a,5813130064,ORN_VL2p,R,3.0,4.0,1.3333333333333333,0.14285714285714285
lLN1_a,5813130064,ORN_VC1,R,1.0,3.0,3.0,0.5
lLN1_a,1670597533,ORN_DC4,R,8.0,9.0,1.125,0.058823529411764705
lLN1_a,1670597533,ORN_VL2p,R,2.0,4.0,2.0,0.3333333333333333
lLN1_a,1670597533,ORN_DL2v,R,1.0,3.0,3.0,0.5
lLN2P_b,5813039309,ORN_DM1,R,108.0,117.0,1.0833333333333333,0.04
lLN2P_b,5813039309,ORN_DM3,R,61.0,90.0,1.4754098360655739,0.19205298013245034
lLN2P_b,5813039309,ORN_DM2,R,41.0,46.0,1.1219512195121952,0.05747126436781609
lLN2P_b,5813039309,ORN_VA3,R,1.0,3.0,3.0,0.5
lLN2P_b,5813039309,ORN_VL2p,R,24.0,26.0,1.0833333333333333,0.04
lLN2P_b,1671257931,ORN_DL5,R,38.0,74.0,1.9473684210526316,0.32142857142857145
lLN2P_b,1671257931,ORN_DM6,R,126.0,151.0,1.1984126984126984,0.09025270758122744
lLN2P_b,1671257931,ORN_DL1,R,62.0,94.0,1.5161290322580645,0.20512820512820512
lLN2P_b,1671257931,ORN_DC4,R,45.0,60.0,1.3333333333333333,0.14285714285714285
lLN2P_b,1671257931,ORN_DC2,R,35.0,71.0,2.0285714285714285,0.33962264150943394
lLN2P_b,1671257931,ORN_VC3l,R,16.0,33.0,2.0625,0.3469387755102041
lLN2P_b,1671257931,ORN_VM7v,R,7.0,30.0,4.285714285714286,0.6216216216216216
lLN2P_b,1671257931,ORN_VL2p,R,6.0,9.0,1.5,0.2
lLN2T_c,1671292719,ORN_DC2,R,12.0,49.0,4.083333333333333,0.6065573770491803
lLN2T_c,1671292719,ORN_DP1m,R,104.0,136.0,1.3076923076923077,0.13333333333333333
lLN2T_c,1671292719,ORN_DL2v,R,14.0,22.0,1.5714285714285714,0.2222222222222222
lLN2T_c,1671292719,ORN_DL2d,R,24.0,44.0,1.8333333333333333,0.29411764705882354
lLN2T_c,1671292719,ORN_DC4,R,69.0,95.0,1.3768115942028984,0.15853658536585366
lLN2T_c,1671292719,ORN_DL5,R,36.0,115.0,3.1944444444444446,0.5231788079470199
lLN2T_c,1671292719,ORN_DP1l,R,5.0,20.0,4.0,0.6
lLN2T_c,1671292719,ORN_DC1,R,83.0,102.0,1.2289156626506024,0.10270270270270271
lLN2T_c,1671292719,ORN_VC3l,R,25.0,31.0,1.24,0.10714285714285714
lLN2T_c,1671292719,ORN_DM1,R,55.0,136.0,2.4727272727272727,0.42408376963350786
lLN2T_c,1671292719,ORN_VM7v,R,2.0,18.0,9.0,0.8
lLN2T_c,1671292719,ORN_DM4,R,36.0,49.0,1.3611111111111112,0.15294117647058825
lLN2T_c,1671292719,ORN_DM6,R,20.0,68.0,3.4,0.5454545454545454
lLN2T_c,1671292719,ORN_DL4,R,4.0,9.0,2.25,0.38461538461538464
lLN2T_c,1671292719,ORN_VL2a,R,44.0,125.0,2.840909090909091,0.47928994082840237
lLN2T_c,1671292719,ORN_DM2,R,32.0,69.0,2.15625,0.36633663366336633
lLN2T_c,1671292719,ORN_VL2p,R,18.0,41.0,2.2777777777777777,0.3898305084745763
lLN2T_c,1671292719,ORN_VC1,R,2.0,4.0,2.0,0.3333333333333333
lLN2T_c,1671292719,ORN_VA3,R,4.0,7.0,1.75,0.2727272727272727
lLN2T_c,1671292719,ORN_DM3,R,2.0,7.0,3.5,0.5555555555555556
lLN2T_c,1671292719,ORN_DL1,R,24.0,56.0,2.3333333333333335,0.4
lLN2T_c,1704347707,ORN_DC2,R,47.0,118.0,2.5106382978723403,0.4303030303030303
lLN2T_c,1704347707,ORN_DP1m,R,111.0,180.0,1.6216216216216217,0.23711340206185566
lLN2T_c,1704347707,ORN_DL2v,R,77.0,87.0,1.12987012987013,0.06097560975609756
lLN2T_c,1704347707,ORN_DL2d,R,48.0,76.0,1.5833333333333333,0.22580645161290322
lLN2T_c,1704347707,ORN_DC4,R,29.0,31.0,1.0689655172413792,0.03333333333333333
lLN2T_c,1704347707,ORN_DL5,R,7.0,41.0,5.857142857142857,0.7083333333333334
lLN2T_c,1704347707,ORN_DP1l,R,31.0,70.0,2.2580645161290325,0.38613861386138615
lLN2T_c,1704347707,ORN_DA1,R,165.0,337.0,2.0424242424242425,0.3426294820717131
lLN2T_c,1704347707,ORN_DC1,R,52.0,75.0,1.4423076923076923,0.18110236220472442
lLN2T_c,1704347707,ORN_DM1,R,88.0,165.0,1.875,0.30434782608695654
lLN2T_c,1704347707,ORN_DM4,R,44.0,66.0,1.5,0.2
lLN2T_c,1704347707,ORN_DM6,R,49.0,95.0,1.9387755102040816,0.3194444444444444
lLN2T_c,1704347707,ORN_DL4,R,68.0,93.0,1.3676470588235294,0.15527950310559005
lLN2T_c,1704347707,ORN_VL2a,R,38.0,112.0,2.9473684210526314,0.49333333333333335
lLN2T_c,1704347707,ORN_DM2,R,29.0,94.0,3.2413793103448274,0.5284552845528455
lLN2T_c,1704347707,ORN_VL2p,R,10.0,35.0,3.5,0.5555555555555556
lLN2T_c,1704347707,ORN_DL3,R,36.0,51.0,1.4166666666666667,0.1724137931034483
lLN2T_c,1704347707,ORN_VC1,R,4.0,28.0,7.0,0.75
lLN2T_c,1704347707,ORN_DM3,R,57.0,72.0,1.263157894736842,0.11627906976744186
lLN2T_c,1704347707,ORN_DL1,R,12.0,35.0,2.9166666666666665,0.48936170212765956
lLN2T_a,5813056598,ORN_DP1m,R,17.0,58.0,3.411764705882353,0.5466666666666666
lLN2T_a,5813056598,ORN_DC1,R,26.0,64.0,2.4615384615384617,0.4222222222222222
lLN2T_a,5813056598,ORN_DL5,R,4.0,56.0,14.0,0.8666666666666667
lLN2T_a,5813056598,ORN_DL2v,R,2.0,7.0,3.5,0.5555555555555556
lLN2T_a,5813056598,ORN_VC1,R,3.0,24.0,8.0,0.7777777777777778
lLN2T_a,5813056598,ORN_DC2,R,6.0,26.0,4.333333333333333,0.625
lLN2T_a,5813056598,ORN_DL2d,R,1.0,2.0,2.0,0.3333333333333333
lLN2T_a,5813056598,ORN_DC4,R,23.0,46.0,2.0,0.3333333333333333
lLN2T_a,5813056598,ORN_DM6,R,4.0,16.0,4.0,0.6
lLN2T_a,5813056598,ORN_DL1,R,4.0,38.0,9.5,0.8095238095238095
lLN2T_a,5813056598,ORN_VL2a,R,3.0,10.0,3.3333333333333335,0.5384615384615384
lLN2T_a,5813056598,ORN_VC3l,R,1.0,2.0,2.0,0.3333333333333333
lLN2T_a,5813056598,ORN_DM1,R,14.0,61.0,4.357142857142857,0.6266666666666667
lLN2T_a,5813056598,ORN_DM2,R,5.0,44.0,8.8,0.7959183673469388
lLN2T_a,5813056598,ORN_DM4,R,10.0,23.0,2.3,0.3939393939393939
lLN2T_a,5813056598,ORN_DL4,R,10.0,26.0,2.6,0.4444444444444444
lLN2T_a,5813056598,ORN_DM3,R,9.0,18.0,2.0,0.3333333333333333
lLN2T_a,5813032595,ORN_DP1m,R,11.0,15.0,1.3636363636363635,0.15384615384615385
lLN2T_a,5813032595,ORN_DC1,R,15.0,35.0,2.3333333333333335,0.4
lLN2T_a,5813032595,ORN_DP1l,R,34.0,37.0,1.088235294117647,0.04225352112676056
lLN2T_a,5813032595,ORN_DL5,R,3.0,39.0,13.0,0.8571428571428571
lLN2T_a,5813032595,ORN_VC1,R,6.0,20.0,3.3333333333333335,0.5384615384615384
lLN2T_a,5813032595,ORN_DC2,R,7.0,34.0,4.857142857142857,0.6585365853658537
lLN2T_a,5813032595,ORN_DC4,R,7.0,18.0,2.5714285714285716,0.44
lLN2T_a,5813032595,ORN_DM6,R,12.0,33.0,2.75,0.4666666666666667
lLN2T_a,5813032595,ORN_DL1,R,19.0,41.0,2.1578947368421053,0.36666666666666664
lLN2T_a,5813032595,ORN_VL2a,R,27.0,74.0,2.740740740740741,0.46534653465346537
lLN2T_a,5813032595,ORN_DM1,R,19.0,29.0,1.5263157894736843,0.20833333333333334
lLN2T_a,5813032595,ORN_DM2,R,8.0,16.0,2.0,0.3333333333333333
lLN2T_a,5813032595,ORN_DM4,R,18.0,19.0,1.0555555555555556,0.02702702702702703
lLN2T_a,5813032595,ORN_DL4,R,2.0,8.0,4.0,0.6
lLN2T_a,5813032595,ORN_DM3,R,14.0,35.0,2.5,0.42857142857142855
lLN2T_a,5813032595,ORN_DA1,R,2.0,8.0,4.0,0.6
lLN2T_a,1762354941,ORN_DP1m,R,17.0,25.0,1.4705882352941178,0.19047619047619047
lLN2T_a,1762354941,ORN_DL5,R,9.0,36.0,4.0,0.6
lLN2T_a,1762354941,ORN_DL2v,R,5.0,13.0,2.6,0.4444444444444444
lLN2T_a,1762354941,ORN_VL2p,R,20.0,25.0,1.25,0.1111111111111111
lLN2T_a,1762354941,ORN_DC2,R,9.0,28.0,3.111111111111111,0.5135135135135135
lLN2T_a,1762354941,ORN_DC4,R,25.0,56.0,2.24,0.38271604938271603
lLN2T_a,1762354941,ORN_DM6,R,14.0,31.0,2.2142857142857144,0.37777777777777777
lLN2T_a,1762354941,ORN_DL1,R,17.0,31.0,1.8235294117647058,0.2916666666666667
lLN2T_a,1762354941,ORN_VL2a,R,23.0,46.0,2.0,0.3333333333333333
lLN2T_a,1762354941,ORN_DM1,R,9.0,31.0,3.4444444444444446,0.55
lLN2T_a,1762354941,ORN_DM2,R,8.0,15.0,1.875,0.30434782608695654
lLN2T_a,1762354941,ORN_VA3,R,1.0,3.0,3.0,0.5
lLN2T_a,1762354941,ORN_DL4,R,14.0,23.0,1.6428571428571428,0.24324324324324326
lLN2T_a,1762354941,ORN_DM3,R,7.0,18.0,2.5714285714285716,0.44
lLN2T_a,1762354941,ORN_DA1,R,18.0,44.0,2.4444444444444446,0.41935483870967744
lLN2T_a,1672320134,ORN_DP1m,R,5.0,32.0,6.4,0.7297297297297297
lLN2T_a,1672320134,ORN_DC1,R,22.0,45.0,2.0454545454545454,0.34328358208955223
lLN2T_a,1672320134,ORN_DL5,R,5.0,23.0,4.6,0.6428571428571429
lLN2T_a,1672320134,ORN_DL2v,R,4.0,8.0,2.0,0.3333333333333333
lLN2T_a,1672320134,ORN_VL2p,R,1.0,6.0,6.0,0.7142857142857143
lLN2T_a,1672320134,ORN_VC1,R,3.0,13.0,4.333333333333333,0.625
lLN2T_a,1672320134,ORN_DC2,R,3.0,4.0,1.3333333333333333,0.14285714285714285
lLN2T_a,1672320134,ORN_DC4,R,12.0,33.0,2.75,0.4666666666666667
lLN2T_a,1672320134,ORN_DL1,R,6.0,21.0,3.5,0.5555555555555556
lLN2T_a,1672320134,ORN_VL2a,R,11.0,59.0,5.363636363636363,0.6857142857142857
lLN2T_a,1672320134,ORN_DM1,R,17.0,42.0,2.4705882352941178,0.423728813559322
lLN2T_a,1672320134,ORN_DM2,R,6.0,32.0,5.333333333333333,0.6842105263157895
lLN2T_a,1672320134,ORN_VM7v,R,2.0,3.0,1.5,0.2
lLN2T_a,1672320134,ORN_DA1,R,10.0,27.0,2.7,0.4594594594594595
lLN2T_a,5813055277,ORN_DP1m,R,10.0,24.0,2.4,0.4117647058823529
lLN2T_a,5813055277,ORN_DC1,R,19.0,41.0,2.1578947368421053,0.36666666666666664
lLN2T_a,5813055277,ORN_DP1l,R,54.0,83.0,1.537037037037037,0.2116788321167883
lLN2T_a,5813055277,ORN_DL5,R,12.0,53.0,4.416666666666667,0.6307692307692307
lLN2T_a,5813055277,ORN_VL2p,R,34.0,43.0,1.2647058823529411,0.11688311688311688
lLN2T_a,5813055277,ORN_VC1,R,4.0,31.0,7.75,0.7714285714285715
lLN2T_a,5813055277,ORN_DC2,R,8.0,28.0,3.5,0.5555555555555556
lLN2T_a,5813055277,ORN_DL2d,R,4.0,13.0,3.25,0.5294117647058824
lLN2T_a,5813055277,ORN_DC4,R,15.0,27.0,1.8,0.2857142857142857
lLN2T_a,5813055277,ORN_DM6,R,18.0,84.0,4.666666666666667,0.6470588235294118
lLN2T_a,5813055277,ORN_DL1,R,5.0,29.0,5.8,0.7058823529411765
lLN2T_a,5813055277,ORN_VL2a,R,36.0,88.0,2.4444444444444446,0.41935483870967744
lLN2T_a,5813055277,ORN_DM1,R,12.0,25.0,2.0833333333333335,0.35135135135135137
lLN2T_a,5813055277,ORN_DM2,R,5.0,9.0,1.8,0.2857142857142857
lLN2T_a,5813055277,ORN_DL4,R,12.0,28.0,2.3333333333333335,0.4
lLN2T_a,5813055277,ORN_DM3,R,11.0,16.0,1.4545454545454546,0.18518518518518517
lLN2T_a,5813055277,ORN_DA1,R,20.0,42.0,2.1,0.3548387096774194
lLN2T_a,5813054726,ORN_DP1m,R,30.0,100.0,3.3333333333333335,0.5384615384615384
lLN2T_a,5813054726,ORN_DC1,R,14.0,45.0,3.2142857142857144,0.5254237288135594
lLN2T_a,5813054726,ORN_DP1l,R,11.0,78.0,7.090909090909091,0.7528089887640449
lLN2T_a,5813054726,ORN_DL5,R,8.0,73.0,9.125,0.8024691358024691
lLN2T_a,5813054726,ORN_DL2v,R,2.0,36.0,18.0,0.8947368421052632
lLN2T_a,5813054726,ORN_VL2p,R,27.0,60.0,2.2222222222222223,0.3793103448275862
lLN2T_a,5813054726,ORN_VC1,R,16.0,37.0,2.3125,0.39622641509433965
lLN2T_a,5813054726,ORN_DC2,R,4.0,55.0,13.75,0.864406779661017
lLN2T_a,5813054726,ORN_DL2d,R,9.0,42.0,4.666666666666667,0.6470588235294118
lLN2T_a,5813054726,ORN_DC4,R,12.0,38.0,3.1666666666666665,0.52
lLN2T_a,5813054726,ORN_DM6,R,8.0,14.0,1.75,0.2727272727272727
lLN2T_a,5813054726,ORN_DL1,R,37.0,105.0,2.8378378378378377,0.4788732394366197
lLN2T_a,5813054726,ORN_VL2a,R,20.0,75.0,3.75,0.5789473684210527
lLN2T_a,5813054726,ORN_DM1,R,15.0,22.0,1.4666666666666666,0.1891891891891892
lLN2T_a,5813054726,ORN_DM2,R,5.0,18.0,3.6,0.5652173913043478
lLN2T_a,5813054726,ORN_VA3,R,2.0,3.0,1.5,0.2
lLN2T_a,5813054726,ORN_DM4,R,6.0,21.0,3.5,0.5555555555555556
lLN2T_a,5813054726,ORN_DL4,R,1.0,4.0,4.0,0.6
lLN2T_a,5813054726,ORN_DM3,R,3.0,9.0,3.0,0.5
lLN2T_a,5813054726,ORN_VM7v,R,3.0,12.0,4.0,0.6
lLN2T_a,5813054726,ORN_DA1,R,2.0,31.0,15.5,0.8787878787878788
lLN2T_a,1916800213,ORN_DP1m,R,33.0,112.0,3.393939393939394,0.5448275862068965
lLN2T_a,1916800213,ORN_DC1,R,4.0,30.0,7.5,0.7647058823529411
lLN2T_a,1916800213,ORN_DP1l,R,24.0,64.0,2.6666666666666665,0.45454545454545453
lLN2T_a,1916800213,ORN_DL5,R,6.0,72.0,12.0,0.8461538461538461
lLN2T_a,1916800213,ORN_DL2v,R,3.0,44.0,14.666666666666666,0.8723404255319149
lLN2T_a,1916800213,ORN_VL2p,R,29.0,66.0,2.2758620689655173,0.3894736842105263
lLN2T_a,1916800213,ORN_DL2d,R,6.0,36.0,6.0,0.7142857142857143
lLN2T_a,1916800213,ORN_DC4,R,13.0,53.0,4.076923076923077,0.6060606060606061
lLN2T_a,1916800213,ORN_DM6,R,5.0,16.0,3.2,0.5238095238095238
lLN2T_a,1916800213,ORN_DL1,R,2.0,9.0,4.5,0.6363636363636364
lLN2T_a,1916800213,ORN_VL2a,R,15.0,86.0,5.733333333333333,0.7029702970297029
lLN2T_a,1916800213,ORN_DM1,R,11.0,30.0,2.727272727272727,0.4634146341463415
lLN2T_a,1916800213,ORN_DM2,R,3.0,14.0,4.666666666666667,0.6470588235294118
lLN2T_a,1916800213,ORN_DM4,R,18.0,49.0,2.7222222222222223,0.4626865671641791
lLN2T_a,1916800213,ORN_DM3,R,2.0,6.0,3.0,0.5
lLN2T_a,1916800213,ORN_VM7v,R,2.0,7.0,3.5,0.5555555555555556
lLN2T_a,1730327790,ORN_DP1m,R,21.0,119.0,5.666666666666667,0.7
lLN2T_a,1730327790,ORN_DP1l,R,42.0,103.0,2.4523809523809526,0.4206896551724138
lLN2T_a,1730327790,ORN_DL5,R,3.0,49.0,16.333333333333332,0.8846153846153846
lLN2T_a,1730327790,ORN_DL2v,R,3.0,19.0,6.333333333333333,0.7272727272727273
lLN2T_a,1730327790,ORN_VL2p,R,65.0,116.0,1.7846153846153847,0.281767955801105
lLN2T_a,1730327790,ORN_VC1,R,10.0,42.0,4.2,0.6153846153846154
lLN2T_a,1730327790,ORN_DC2,R,5.0,36.0,7.2,0.7560975609756098
lLN2T_a,1730327790,ORN_DL2d,R,6.0,20.0,3.3333333333333335,0.5384615384615384
lLN2T_a,1730327790,ORN_DC4,R,21.0,53.0,2.5238095238095237,0.43243243243243246
lLN2T_a,1730327790,ORN_DM6,R,25.0,34.0,1.36,0.15254237288135594
lLN2T_a,1730327790,ORN_DL1,R,19.0,52.0,2.736842105263158,0.4647887323943662
lLN2T_a,1730327790,ORN_VL2a,R,54.0,131.0,2.425925925925926,0.41621621621621624
lLN2T_a,1730327790,ORN_VC3l,R,26.0,37.0,1.4230769230769231,0.1746031746031746
lLN2T_a,1730327790,ORN_DM1,R,24.0,45.0,1.875,0.30434782608695654
lLN2T_a,1730327790,ORN_VA3,R,1.0,5.0,5.0,0.6666666666666666
lLN2T_a,1730327790,ORN_DM4,R,10.0,14.0,1.4,0.16666666666666666
lLN2T_a,1730327790,ORN_DL4,R,9.0,25.0,2.7777777777777777,0.47058823529411764
lLN2T_a,1730327790,ORN_DM3,R,2.0,10.0,5.0,0.6666666666666666
lLN2T_a,1730327790,ORN_VM7v,R,4.0,10.0,2.5,0.42857142857142855
lLN2T_a,1730327790,ORN_DA1,R,6.0,27.0,4.5,0.6363636363636364
lLN2T_a,1730327790,ORN_DL3,R,9.0,10.0,1.1111111111111112,0.05263157894736842
lLN12A,1826445251,ORN_DC4,R,1.0,8.0,8.0,0.7777777777777778
lLN12A,1826445251,ORN_VC1,R,3.0,4.0,1.3333333333333333,0.14285714285714285
lLN12A,1826445251,ORN_DC2,R,3.0,8.0,2.6666666666666665,0.45454545454545453
lLN12A,1826445251,ORN_VM7v,R,1.0,4.0,4.0,0.6
lLN12A,1919208947,ORN_VC1,R,8.0,10.0,1.25,0.1111111111111111
lLN2P_a,2135408892,ORN_VC3l,R,29.0,41.0,1.4137931034482758,0.17142857142857143
lLN2P_a,2135408892,ORN_VL2a,R,15.0,69.0,4.6,0.6428571428571429
lLN2P_a,2135408892,ORN_DL2v,R,14.0,55.0,3.9285714285714284,0.5942028985507246
lLN2P_a,2135408892,ORN_DL5,R,20.0,69.0,3.45,0.550561797752809
lLN2P_a,2135408892,ORN_DM3,R,3.0,8.0,2.6666666666666665,0.45454545454545453
lLN2P_a,2135408892,ORN_DC1,R,29.0,41.0,1.4137931034482758,0.17142857142857143
lLN2P_a,2135408892,ORN_DM4,R,86.0,100.0,1.1627906976744187,0.07526881720430108
lLN2P_a,2135408892,ORN_DM6,R,43.0,94.0,2.186046511627907,0.3722627737226277
lLN2P_a,2135408892,ORN_DM1,R,44.0,83.0,1.8863636363636365,0.30708661417322836
lLN2P_a,2135408892,ORN_DC2,R,11.0,32.0,2.909090909090909,0.4883720930232558
lLN2P_a,2135408892,ORN_VL2p,R,17.0,41.0,2.411764705882353,0.41379310344827586
lLN2P_a,2135408892,ORN_VC1,R,1.0,9.0,9.0,0.8
lLN2P_a,2135408892,ORN_DM2,R,13.0,15.0,1.1538461538461537,0.07142857142857142
lLN2P_a,1857799548,ORN_DL2v,R,11.0,12.0,1.0909090909090908,0.043478260869565216
lLN2P_a,1857799548,ORN_DA1,R,135.0,226.0,1.674074074074074,0.2520775623268698
lLN2P_a,1857799548,ORN_DM3,R,65.0,107.0,1.646153846153846,0.2441860465116279
lLN2P_a,1857799548,ORN_DC1,R,26.0,36.0,1.3846153846153846,0.16129032258064516
lLN2P_a,1857799548,ORN_DL1,R,57.0,111.0,1.9473684210526316,0.32142857142857145
lLN2P_a,1857799548,ORN_DM4,R,1.0,4.0,4.0,0.6
lLN2P_a,1857799548,ORN_DP1m,R,4.0,35.0,8.75,0.7948717948717948
lLN2P_a,1857799548,ORN_DM1,R,16.0,57.0,3.5625,0.5616438356164384
lLN2P_a,1857799548,ORN_DL2d,R,9.0,13.0,1.4444444444444444,0.18181818181818182
lLN2P_a,1857799548,ORN_DC2,R,1.0,2.0,2.0,0.3333333333333333
lLN2P_a,1857799548,ORN_VM7v,R,10.0,18.0,1.8,0.2857142857142857
lLN2P_a,1857799548,ORN_DC4,R,15.0,18.0,1.2,0.09090909090909091
lLN2P_a,1857799548,ORN_DM2,R,11.0,29.0,2.6363636363636362,0.45
v2LN3B,1888199872,ORN_VM7v,R,1.0,3.0,3.0,0.5
v2LN3B,1888199872,ORN_DM6,R,1.0,2.0,2.0,0.3333333333333333
v2LN3B,1920590638,ORN_DL5,R,8.0,22.0,2.75,0.4666666666666667
v2LN3B,1920590638,ORN_DM4,R,13.0,16.0,1.2307692307692308,0.10344827586206896
v2LN3B,1920590638,ORN_DM3,R,3.0,10.0,3.3333333333333335,0.5384615384615384
v2LN3B,1920590638,ORN_DM1,R,1.0,4.0,4.0,0.6
v2LN3B,1920590638,ORN_DL3,R,2.0,3.0,1.5,0.2
v2LN3B,1920590638,ORN_DM6,R,2.0,4.0,2.0,0.3333333333333333
il3LN6,5813018460,ORN_DP1m,R,161.0,551.0,3.422360248447205,0.547752808988764
il3LN6,5813018460,ORN_DP1l,R,104.0,420.0,4.038461538461538,0.6030534351145038
il3LN6,5813018460,ORN_DL2v,R,43.0,196.0,4.558139534883721,0.6401673640167364
il3LN6,5813018460,ORN_DC2,R,25.0,248.0,9.92,0.8168498168498168
il3LN6,5813018460,ORN_VC1,R,15.0,166.0,11.066666666666666,0.8342541436464088
il3LN6,5813018460,ORN_DM1,R,135.0,571.0,4.229629629629629,0.6175637393767706
il3LN6,5813018460,ORN_DA1,R,189.0,954.0,5.0476190476190474,0.6692913385826772
il3LN6,5813018460,ORN_DC4,R,34.0,225.0,6.617647058823529,0.7374517374517374
il3LN6,5813018460,ORN_DC1,R,55.0,167.0,3.036363636363636,0.5045045045045045
il3LN6,5813018460,ORN_DL2d,R,18.0,99.0,5.5,0.6923076923076923
il3LN6,5813018460,ORN_DM4,R,98.0,320.0,3.2653061224489797,0.5311004784688995
il3LN6,5813018460,ORN_DL5,R,24.0,190.0,7.916666666666667,0.7757009345794392
il3LN6,5813018460,ORN_VL2p,R,27.0,144.0,5.333333333333333,0.6842105263157895
il3LN6,5813018460,ORN_VL2a,R,20.0,163.0,8.15,0.7814207650273224
il3LN6,5813018460,ORN_VM7v,R,6.0,47.0,7.833333333333333,0.7735849056603774
il3LN6,5813018460,ORN_VC3l,R,13.0,46.0,3.5384615384615383,0.559322033898305
il3LN6,5813018460,ORN_DL1,R,53.0,312.0,5.886792452830188,0.7095890410958904
il3LN6,5813018460,ORN_DL3,R,40.0,120.0,3.0,0.5
il3LN6,5813018460,ORN_DM3,R,18.0,80.0,4.444444444444445,0.6326530612244898
il3LN6,5813018460,ORN_DM2,R,35.0,94.0,2.6857142857142855,0.4573643410852713
il3LN6,5813018460,ORN_DL4,R,1.0,2.0,2.0,0.3333333333333333
